0;0;0;0;land;false;unknown;0
1;167;237;209;land;false;desert;4
2;253;179;248;land;true;forest;7
3;251;60;203;land;false;plains;5
4;233;55;216;land;false;forest;5
5;114;232;198;land;false;forest;2
6;234;155;185;land;false;plains;6
7;40;239;227;land;true;desert;4
8;208;135;191;land;true;plains;5
9;246;176;199;land;true;plains;5
10;151;184;189;land;false;mountain;6
11;119;234;163;land;true;plains;5
12;197;242;231;land;true;plains;5
13;105;232;234;land;true;forest;7
14;129;219;217;land;true;desert;4
15;199;196;137;land;true;plains;5
16;174;179;253;land;false;mountain;4
17;233;82;224;land;false;mountain;4
18;210;240;154;land;false;mountain;2
19;247;143;229;land;false;forest;1
20;90;244;189;land;true;plains;7
21;182;124;238;land;false;mountain;4
22;221;128;187;land;true;mountain;2
23;204;217;205;land;false;jungle;4
24;166;204;171;land;false;mountain;4
25;235;164;236;land;false;jungle;4
26;185;189;136;land;true;plains;5
27;243;44;230;land;false;mountain;4
28;127;228;157;land;false;mountain;1
29;233;232;243;land;true;forest;7
30;245;206;81;land;false;plains;5
31;251;204;49;land;true;plains;5
32;215;251;142;land;false;mountain;7
33;200;125;184;land;false;forest;2
34;221;236;108;land;true;mountain;7
35;55;242;210;land;true;plains;5
36;240;112;201;land;true;forest;3
37;251;83;167;land;false;forest;1
38;226;206;204;land;false;plains;5
39;230;200;188;land;true;plains;5
40;106;251;163;land;true;forest;5
41;139;167;243;land;false;marsh;2
42;157;171;217;land;false;desert;4
43;243;126;254;land;false;forest;5
44;159;195;196;land;false;plains;5
45;162;215;165;land;false;jungle;4
46;254;239;104;land;false;desert;4
47;210;145;237;land;true;mountain;2
48;215;121;229;land;false;plains;2
49;201;190;140;land;true;plains;5
50;234;138;160;land;false;mountain;7
51;198;164;153;land;false;desert;4
52;240;212;77;land;false;plains;6
53;248;111;163;land;true;plains;4
54;82;254;199;land;false;mountain;2
55;127;241;171;land;true;forest;7
56;65;220;223;land;true;forest;2
57;185;145;217;land;false;desert;4
58;250;244;55;land;false;mountain;1
59;218;113;177;land;false;forest;2
60;253;217;189;land;false;mountain;4
61;161;232;190;land;true;plains;5
62;237;162;117;land;false;mountain;4
63;253;241;252;land;false;mountain;2
64;216;140;223;land;true;mountain;2
65;217;195;123;land;true;forest;7
66;227;210;72;land;false;desert;4
67;246;155;134;land;false;mountain;2
68;238;181;250;land;true;forest;5
69;220;239;169;land;true;desert;4
70;228;179;191;land;true;plains;5
71;193;178;175;land;false;mountain;6
72;191;250;164;land;true;forest;5
73;247;79;207;land;true;forest;1
74;249;239;87;land;false;mountain;7
75;198;157;221;land;false;mountain;4
76;230;135;219;land;false;mountain;5
77;236;109;176;land;false;plains;2
78;226;240;51;land;true;desert;4
79;242;135;242;land;false;forest;5
80;102;219;197;land;false;desert;4
81;241;178;219;land;true;forest;2
82;162;250;145;land;false;desert;4
83;252;63;222;land;false;desert;4
84;227;187;89;land;false;forest;5
85;149;253;150;land;true;plains;6
86;252;226;151;land;false;jungle;4
87;236;134;254;land;true;mountain;7
88;108;246;158;land;false;mountain;4
89;176;225;214;land;true;desert;4
90;190;200;172;land;false;plains;6
91;124;231;241;land;false;plains;7
92;239;142;132;land;false;desert;4
93;250;241;213;land;false;jungle;4
94;180;130;250;land;false;mountain;7
95;124;240;146;land;false;mountain;4
96;61;228;240;land;false;desert;4
97;234;161;125;land;false;mountain;4
98;181;162;184;land;false;plains;5
99;123;231;214;land;true;jungle;4
100;183;149;244;land;false;jungle;4
101;227;195;172;land;true;mountain;6
102;212;150;159;land;false;plains;1
103;147;228;144;land;false;mountain;1
104;230;171;220;land;true;desert;5
105;135;128;254;land;true;plains;5
106;202;84;250;land;true;plains;6
107;177;179;221;land;false;jungle;4
108;88;219;227;land;false;jungle;4
109;145;230;128;land;false;hills;6
110;226;224;141;land;true;mountain;5
111;172;209;195;land;true;plains;5
112;138;214;173;land;true;plains;5
113;53;250;239;land;true;mountain;4
114;175;134;254;land;false;desert;4
115;233;189;160;land;false;plains;6
116;141;221;190;land;false;forest;5
117;143;236;244;land;false;jungle;4
118;110;185;240;land;false;plains;7
119;135;174;218;land;false;forest;1
120;214;199;243;land;false;mountain;4
121;149;156;241;land;true;plains;7
122;222;157;159;land;false;mountain;4
123;251;177;104;land;false;mountain;4
124;75;245;243;land;false;mountain;5
125;115;214;241;land;false;plains;6
126;204;214;90;land;false;mountain;5
127;146;207;226;land;true;mountain;3
128;139;207;236;land;false;forest;5
129;144;179;210;land;false;mountain;2
130;81;218;249;land;true;plains;2
131;213;82;212;land;false;mountain;1
132;177;124;224;land;false;forest;1
133;233;139;133;land;true;plains;2
134;212;201;145;land;true;mountain;2
135;233;171;204;land;true;plains;6
136;179;237;132;land;false;mountain;4
137;219;138;192;land;false;forest;5
138;216;225;241;land;false;plains;5
139;170;243;249;land;true;jungle;4
140;251;76;217;land;false;jungle;4
141;228;130;195;land;true;mountain;3
142;172;220;146;land;true;plains;7
143;253;204;60;land;true;plains;7
144;194;154;196;land;false;hills;2
145;232;114;170;land;false;plains;4
146;239;191;230;land;false;forest;7
147;233;184;252;land;false;jungle;4
148;236;232;200;land;false;mountain;4
149;178;155;224;land;true;forest;3
150;193;235;134;land;true;plains;7
151;254;131;138;land;false;mountain;2
152;146;178;207;land;false;mountain;4
153;251;149;184;land;true;plains;5
154;232;99;245;land;false;desert;4
155;253;57;237;land;true;mountain;2
156;215;199;114;land;false;marsh;6
157;216;191;148;land;false;marsh;2
158;140;231;252;land;true;plains;5
159;249;173;92;land;false;jungle;4
160;180;149;250;land;false;mountain;7
161;238;170;205;land;false;mountain;1
162;102;222;191;land;true;plains;5
163;225;130;225;land;false;plains;6
164;185;239;153;land;false;desert;4
165;160;101;240;land;false;marsh;6
166;136;181;193;land;false;marsh;6
167;153;192;185;land;false;marsh;6
168;164;133;224;land;false;mountain;7
169;240;35;235;land;false;desert;4
170;201;167;233;land;false;desert;4
171;222;231;49;land;true;plains;7
172;163;150;217;land;false;jungle;4
173;202;181;230;land;false;forest;7
174;69;250;222;land;false;jungle;4
175;116;212;191;land;false;forest;2
176;193;218;224;land;false;desert;4
177;232;198;225;land;false;forest;5
178;102;204;237;land;false;plains;6
179;168;154;205;land;false;plains;2
180;208;179;154;land;false;desert;4
181;253;250;158;land;false;jungle;4
182;200;226;76;land;false;mountain;4
183;186;218;99;land;false;jungle;2
184;195;229;125;land;false;plains;6
185;191;137;230;land;false;mountain;5
186;170;225;228;land;false;hills;2
187;250;253;199;land;false;desert;4
188;164;218;228;land;false;mountain;7
189;241;76;201;land;false;hills;2
190;231;240;232;land;true;mountain;7
191;184;184;197;land;false;mountain;4
192;108;185;208;land;false;forest;1
193;227;158;187;land;false;plains;6
194;224;229;141;land;false;mountain;2
195;151;254;122;land;false;mountain;1
196;181;254;71;land;false;forest;2
197;214;156;246;land;false;mountain;2
198;238;94;197;land;false;forest;7
199;240;201;197;land;false;mountain;5
200;142;157;226;land;false;forest;5
201;122;252;223;land;false;mountain;5
202;253;174;78;land;false;forest;5
203;231;167;188;land;false;plains;6
204;115;194;209;land;false;plains;5
205;122;135;251;land;true;plains;5
206;253;3;252;land;true;forest;7
207;175;196;252;land;false;mountain;2
208;198;203;186;land;true;plains;3
209;202;196;243;land;true;forest;1
210;226;235;52;land;false;mountain;3
211;235;124;185;land;true;plains;5
212;166;176;187;land;false;plains;5
213;93;224;236;land;false;plains;2
214;115;223;243;land;true;mountain;2
215;92;214;203;land;false;plains;2
216;238;115;186;land;false;jungle;2
217;163;232;182;land;false;forest;5
218;254;249;227;land;false;mountain;1
219;195;241;123;land;false;forest;5
220;223;185;168;land;true;jungle;4
221;253;206;147;land;false;desert;4
222;193;252;189;land;false;mountain;4
223;186;225;236;land;false;mountain;4
224;49;216;241;land;false;forest;7
225;210;192;210;land;false;mountain;5
226;102;239;193;land;false;mountain;2
227;254;51;247;land;false;plains;5
228;201;163;145;land;false;mountain;7
229;143;224;214;land;false;mountain;4
230;173;196;199;land;false;desert;4
231;13;253;241;land;false;plains;6
232;183;220;111;land;false;forest;2
233;189;211;157;land;false;mountain;4
234;207;90;240;land;false;mountain;1
235;242;113;241;land;false;plains;6
236;211;156;211;land;false;plains;2
237;251;241;194;land;false;forest;2
238;251;108;194;land;false;forest;5
239;127;166;235;land;false;plains;2
240;199;242;236;land;true;plains;5
241;173;165;242;land;false;plains;1
242;169;161;230;land;false;forest;2
243;223;226;163;land;false;mountain;4
244;236;203;112;land;false;plains;5
245;151;201;227;land;false;mountain;4
246;250;215;247;land;true;plains;6
247;109;218;190;land;true;plains;5
248;235;247;66;land;false;plains;5
249;100;192;227;land;false;mountain;4
250;254;178;87;land;false;jungle;4
251;210;107;229;land;true;desert;4
252;221;232;74;land;true;mountain;6
253;253;240;102;land;false;desert;4
254;239;178;219;land;true;mountain;7
255;208;220;113;land;false;mountain;4
256;226;50;237;land;false;jungle;4
257;234;168;224;land;false;plains;4
258;246;109;209;land;false;desert;4
259;176;238;159;land;false;desert;4
260;252;247;2;land;false;forest;5
261;220;169;148;land;true;plains;5
262;200;154;240;land;false;desert;4
263;112;188;235;land;false;mountain;1
264;239;248;167;land;false;desert;4
265;167;250;243;land;false;marsh;2
266;230;166;171;land;false;jungle;4
267;214;168;178;land;false;mountain;2
268;239;172;173;land;false;forest;2
269;212;109;249;land;true;plains;5
270;161;221;127;land;false;desert;4
271;204;220;194;land;false;plains;6
272;120;194;196;land;false;desert;4
273;180;186;193;land;true;mountain;2
274;114;234;233;land;false;mountain;3
275;137;252;159;land;false;mountain;6
276;125;190;190;land;true;forest;1
277;195;82;250;land;false;mountain;4
278;117;174;231;land;true;plains;5
279;82;248;231;land;true;forest;3
280;170;220;129;land;false;mountain;3
281;241;189;124;land;true;mountain;4
282;252;186;214;land;false;forest;5
283;215;186;102;land;false;plains;5
284;172;214;230;land;true;desert;4
285;102;220;252;land;false;plains;5
286;207;174;173;land;true;plains;5
287;89;202;218;land;true;plains;5
288;232;140;201;land;true;desert;4
289;207;173;250;land;false;forest;7
290;239;90;233;land;true;desert;4
291;13;250;247;land;false;desert;4
292;232;36;245;land;false;mountain;2
293;124;235;209;land;false;forest;1
294;51;219;232;land;true;mountain;4
295;246;111;202;land;false;forest;1
296;230;157;232;land;true;desert;4
297;246;196;188;land;true;plains;7
298;167;241;97;land;false;mountain;1
299;141;221;212;land;false;desert;4
300;144;186;239;land;true;plains;5
301;234;24;251;land;false;mountain;2
302;222;181;135;land;false;plains;5
303;173;144;209;land;false;desert;4
304;220;188;94;land;false;forest;3
305;148;157;242;land;false;plains;5
306;225;67;223;land;false;jungle;4
307;182;224;109;land;true;plains;5
308;254;42;250;land;true;plains;3
309;226;245;51;land;false;mountain;4
310;233;171;213;land;false;plains;2
311;241;208;133;land;true;plains;5
312;196;154;209;land;false;mountain;4
313;120;226;196;land;true;plains;5
314;103;231;221;land;false;desert;4
315;89;248;194;land;false;mountain;4
316;213;203;194;land;true;mountain;2
317;234;226;69;land;false;desert;4
318;247;211;250;land;true;plains;5
319;169;133;234;land;false;mountain;7
320;110;188;245;land;false;forest;1
321;84;249;227;land;false;desert;4
322;119;235;236;land;false;mountain;6
323;179;250;110;land;false;mountain;4
324;235;123;226;land;false;plains;6
325;248;156;102;land;false;plains;5
326;241;208;119;land;true;plains;5
327;207;170;207;land;true;mountain;2
328;229;105;186;land;true;plains;5
329;206;173;197;land;false;mountain;4
330;243;217;188;land;false;plains;6
331;240;32;237;land;true;mountain;7
332;186;100;248;land;false;mountain;4
333;254;168;95;land;true;plains;5
334;202;175;159;land;true;plains;5
335;197;131;212;land;false;forest;2
336;176;152;212;land;false;forest;1
337;134;252;245;land;false;plains;6
338;171;176;239;land;false;plains;6
339;161;157;250;land;true;plains;5
340;227;249;105;land;false;desert;4
341;98;207;218;land;false;desert;4
342;134;242;221;land;false;desert;4
343;180;174;240;land;true;plains;7
344;149;209;217;land;false;mountain;4
345;220;166;228;land;false;forest;3
346;142;253;209;land;false;jungle;4
347;119;154;244;land;false;mountain;4
348;123;187;236;land;false;desert;4
349;223;224;171;land;true;mountain;2
350;145;130;236;land;false;desert;4
351;112;233;167;land;true;plains;5
352;108;223;206;land;false;desert;4
353;188;211;165;land;false;mountain;1
354;211;245;212;land;true;plains;5
355;117;233;207;land;false;plains;7
356;228;110;246;land;true;plains;7
357;244;240;67;land;false;plains;1
358;140;131;240;land;false;desert;4
359;232;142;145;land;false;plains;2
360;254;191;253;land;false;desert;4
361;175;245;182;land;false;mountain;4
362;202;169;141;land;false;plains;6
363;253;218;171;land;true;plains;3
364;233;229;122;land;false;forest;7
365;212;198;165;land;false;desert;4
366;106;189;220;land;false;mountain;1
367;55;251;228;land;true;plains;5
368;228;232;76;land;true;plains;5
369;209;239;226;land;false;mountain;2
370;88;182;247;land;false;mountain;1
371;173;133;224;land;true;plains;7
372;215;130;252;land;false;jungle;4
373;253;181;72;land;false;forest;2
374;154;223;209;land;false;forest;2
375;232;183;124;land;false;desert;4
376;52;216;243;land;false;mountain;2
377;162;197;226;land;true;plains;4
378;227;174;134;land;false;plains;7
379;242;146;197;land;false;mountain;2
380;90;246;169;land;false;plains;6
381;219;211;226;land;false;plains;2
382;165;229;129;land;false;mountain;4
383;170;137;251;land;false;mountain;4
384;244;169;196;land;true;plains;5
385;100;247;182;land;false;desert;4
386;174;171;174;land;false;desert;4
387;119;252;153;land;true;plains;5
388;237;77;224;land;false;plains;5
389;234;171;254;land;false;forest;1
390;231;245;192;land;true;plains;7
391;163;190;206;land;false;desert;4
392;241;165;143;land;true;forest;4
393;194;71;245;land;true;mountain;3
394;166;156;235;land;false;desert;4
395;165;226;155;land;false;plains;6
396;198;163;155;land;false;mountain;4
397;240;233;204;land;false;mountain;4
398;220;93;222;land;false;desert;4
399;122;227;166;land;false;desert;4
400;124;213;238;land;true;desert;5
401;180;239;217;land;true;plains;5
402;134;197;235;land;false;mountain;4
403;246;79;246;land;false;mountain;1
404;251;51;239;land;false;desert;4
405;225;223;107;land;false;mountain;4
406;119;248;162;land;false;jungle;4
407;205;103;230;land;false;desert;4
408;183;245;148;land;false;mountain;2
409;149;208;167;land;true;plains;5
410;216;199;102;land;true;mountain;4
411;195;205;126;land;false;mountain;4
412;225;46;252;land;true;forest;7
413;113;239;202;land;false;mountain;1
414;157;118;244;land;false;mountain;3
415;71;222;231;land;false;plains;6
416;200;146;203;land;false;marsh;6
417;175;196;223;land;true;mountain;7
418;141;237;124;land;false;hills;6
419;233;199;98;land;true;plains;6
420;144;199;239;land;false;desert;4
421;231;161;152;land;false;marsh;6
422;241;120;184;land;true;plains;7
423;132;252;167;land;false;desert;4
424;189;233;179;land;false;marsh;2
425;234;244;174;land;false;desert;4
426;149;155;243;land;false;plains;6
427;222;106;204;land;false;plains;6
428;177;96;238;land;true;plains;5
429;222;33;248;land;true;forest;3
430;225;222;203;land;true;plains;5
431;178;229;182;land;false;forest;1
432;140;245;191;land;true;desert;4
433;125;166;229;land;false;desert;4
434;198;214;229;land;true;mountain;1
435;127;143;238;land;true;mountain;1
436;207;213;103;land;true;desert;4
437;199;210;128;land;false;desert;4
438;246;172;141;land;true;mountain;7
439;224;185;132;land;true;forest;3
440;200;113;242;land;true;plains;6
441;91;172;239;land;false;mountain;4
442;177;179;169;land;false;mountain;4
443;138;228;242;land;false;jungle;4
444;239;235;155;land;false;mountain;7
445;159;133;237;land;false;mountain;4
446;169;188;236;land;true;plains;5
447;234;102;211;land;false;jungle;4
448;243;98;175;land;true;plains;6
449;222;233;78;land;true;plains;6
450;209;162;179;land;true;plains;7
451;240;236;242;land;true;forest;4
452;157;189;217;land;false;jungle;4
453;192;209;240;land;true;plains;5
454;172;218;128;land;false;plains;4
455;159;204;195;land;true;mountain;2
456;207;232;190;land;false;mountain;4
457;232;104;249;land;false;forest;2
458;91;225;197;land;false;mountain;4
459;246;237;60;land;false;mountain;4
460;141;192;232;land;false;hills;2
461;211;48;242;land;false;forest;1
462;216;250;85;land;true;plains;6
463;223;245;146;land;true;desert;6
464;75;248;202;land;true;plains;6
465;104;253;149;land;true;plains;3
466;232;240;242;land;false;mountain;4
467;131;227;153;land;true;plains;5
468;151;243;193;land;false;plains;7
469;237;100;183;land;false;jungle;4
470;223;232;100;land;false;desert;4
471;164;249;221;land;true;mountain;2
472;207;254;154;land;false;desert;4
473;244;72;222;land;true;plains;5
474;233;155;225;land;false;mountain;4
475;57;207;246;land;true;mountain;7
476;212;216;203;land;true;plains;5
477;218;144;251;land;false;mountain;4
478;236;138;231;land;false;desert;4
479;237;184;165;land;true;plains;5
480;246;187;252;land;true;plains;5
481;172;152;207;land;false;plains;2
482;220;107;176;land;false;desert;4
483;241;99;205;land;false;mountain;7
484;147;219;249;land;false;mountain;7
485;186;179;253;land;true;plains;5
486;202;186;140;land;true;plains;6
487;129;219;237;land;true;desert;4
488;145;231;155;land;true;desert;4
489;239;211;115;land;true;forest;7
490;113;251;181;land;false;mountain;1
491;167;237;194;land;true;plains;6
492;146;160;226;land;true;plains;5
493;167;247;143;land;false;plains;2
494;138;245;248;land;true;plains;5
495;245;110;252;land;false;desert;4
496;159;153;235;land;false;desert;4
497;228;132;212;land;true;plains;5
498;203;221;220;land;true;mountain;6
499;127;179;210;land;true;plains;2
500;200;63;253;land;false;mountain;4
501;150;162;222;land;false;mountain;4
502;171;234;189;land;false;plains;1
503;223;240;194;land;true;plains;6
504;186;204;219;land;true;mountain;3
505;204;233;185;land;false;forest;7
506;243;229;146;land;true;plains;5
507;209;251;83;land;false;forest;1
508;167;206;191;land;false;desert;4
509;233;213;235;land;false;desert;4
510;186;140;226;land;false;jungle;4
511;237;254;149;land;false;desert;4
512;199;132;230;land;true;plains;5
513;214;166;184;land;false;desert;4
514;134;194;252;land;false;mountain;2
515;221;178;201;land;true;plains;6
516;247;216;67;land;false;desert;4
517;156;206;148;land;false;mountain;1
518;203;183;183;land;true;plains;5
519;244;240;194;land;true;plains;7
520;210;199;121;land;false;hills;2
521;237;244;43;land;false;mountain;4
522;120;179;228;land;true;plains;7
523;204;193;140;land;false;desert;4
524;82;241;215;land;true;plains;5
525;181;186;219;land;false;desert;4
526;252;252;91;land;true;plains;6
527;182;238;188;land;true;plains;3
528;221;209;208;land;false;plains;2
529;242;40;237;land;false;desert;4
530;34;228;246;land;false;forest;7
531;241;22;249;land;false;jungle;4
532;233;196;246;land;false;desert;4
533;159;137;241;land;true;plains;6
534;112;178;232;land;false;mountain;4
535;97;254;157;land;false;desert;4
536;175;150;251;land;false;mountain;2
537;139;245;236;land;true;plains;5
538;233;79;245;land;true;marsh;2
539;70;219;223;land;true;plains;5
540;183;152;232;land;true;plains;5
541;189;238;83;land;true;mountain;2
542;241;202;174;land;true;plains;5
543;165;170;169;land;true;plains;5
544;149;133;230;land;true;plains;5
545;228;227;201;land;false;jungle;4
546;174;143;198;land;false;desert;4
547;220;155;207;land;false;desert;4
548;218;253;54;land;false;desert;4
549;227;115;177;land;false;desert;4
550;218;200;122;land;false;jungle;4
551;211;249;117;land;true;plains;5
552;159;202;240;land;false;mountain;4
553;201;205;247;land;true;mountain;7
554;217;161;237;land;false;forest;3
555;252;209;81;land;false;mountain;4
556;50;251;245;land;false;jungle;4
557;246;159;236;land;false;desert;4
558;207;190;160;land;false;plains;2
559;243;251;120;land;true;forest;3
560;166;150;246;land;true;plains;5
561;195;132;202;land;false;desert;4
562;241;241;232;land;false;forest;7
563;199;252;223;land;true;mountain;1
564;241;158;166;land;false;plains;5
565;179;251;245;land;false;jungle;4
566;87;245;214;land;false;mountain;1
567;207;245;50;land;true;plains;5
568;233;220;102;land;false;mountain;4
569;203;174;229;land;true;mountain;7
570;108;235;161;land;false;forest;2
571;203;154;154;land;true;mountain;4
572;153;241;221;land;true;plains;5
573;220;142;200;land;false;plains;1
574;212;174;239;land;false;mountain;4
575;106;234;232;land;true;plains;2
576;213;171;206;land;true;plains;5
577;144;233;186;land;true;plains;7
578;141;253;189;land;true;plains;3
579;215;168;140;land;false;mountain;4
580;245;118;227;land;false;mountain;4
581;143;237;187;land;false;mountain;4
582;144;238;189;land;false;desert;4
583;246;249;243;land;false;mountain;2
584;133;237;184;land;false;mountain;2
585;157;227;143;land;false;forest;1
586;235;146;132;land;false;desert;4
587;194;95;249;land;false;desert;4
588;159;227;230;land;false;mountain;4
589;88;251;168;land;false;desert;4
590;162;167;230;land;false;marsh;2
591;186;182;178;land;false;plains;1
592;234;247;45;land;false;jungle;4
593;154;203;241;land;true;forest;7
594;235;234;244;land;false;mountain;4
595;181;211;177;land;true;plains;6
596;241;94;183;land;false;desert;4
597;172;247;171;land;false;mountain;4
598;244;132;144;land;false;mountain;4
599;124;254;233;land;false;mountain;4
600;140;211;187;land;false;jungle;4
601;125;158;238;land;true;plains;6
602;205;133;201;land;true;plains;5
603;203;148;199;land;false;mountain;7
604;162;233;209;land;false;forest;2
605;164;251;164;land;true;plains;5
606;206;190;132;land;false;mountain;4
607;236;235;165;land;false;mountain;4
608;157;192;156;land;false;marsh;2
609;147;186;196;land;true;jungle;4
610;213;182;203;land;false;marsh;2
611;117;242;213;land;true;forest;7
612;242;106;211;land;true;plains;5
613;225;220;253;land;false;forest;7
614;247;237;95;land;false;mountain;4
615;100;213;201;land;false;desert;4
616;241;158;135;land;true;plains;6
617;226;198;85;land;true;plains;5
618;84;215;222;land;false;desert;4
619;214;254;58;land;false;desert;4
620;231;237;111;land;false;desert;4
621;224;234;250;land;true;plains;5
622;249;110;161;land;false;desert;4
623;178;163;221;land;true;plains;5
624;253;215;162;land;true;plains;5
625;149;177;218;land;false;mountain;4
626;233;57;238;land;false;desert;4
627;87;222;252;land;true;plains;2
628;213;165;230;land;false;jungle;4
629;173;161;214;land;false;mountain;4
630;211;159;133;land;false;mountain;1
631;186;241;248;land;true;plains;5
632;42;253;240;land;false;desert;4
633;247;48;228;land;false;jungle;4
634;254;183;107;land;false;forest;7
635;213;179;247;land;false;desert;4
636;235;147;140;land;false;jungle;4
637;111;196;245;land;true;forest;3
638;131;237;162;land;false;mountain;2
639;204;226;106;land;true;plains;2
640;203;100;217;land;false;forest;2
641;190;172;231;land;false;mountain;3
642;245;147;137;land;true;forest;1
643;216;110;242;land;true;plains;6
644;57;238;224;land;false;mountain;2
645;204;153;175;land;false;plains;1
646;245;159;181;land;true;plains;5
647;178;236;227;land;true;plains;2
648;182;206;231;land;true;plains;6
649;203;224;174;land;false;jungle;4
650;173;193;166;land;false;mountain;7
651;164;179;202;land;true;forest;7
652;174;188;187;land;false;plains;3
653;238;156;138;land;false;forest;2
654;246;147;185;land;true;plains;5
655;57;241;225;land;true;plains;5
656;208;209;247;land;false;desert;4
657;166;139;245;land;false;mountain;4
658;239;182;131;land;true;plains;5
659;105;190;207;land;true;plains;5
660;181;237;176;land;false;desert;4
661;181;161;225;land;false;mountain;4
662;215;162;148;land;false;mountain;2
663;155;186;241;land;false;mountain;2
664;182;137;225;land;false;desert;4
665;156;235;203;land;false;plains;2
666;240;251;123;land;true;desert;4
667;185;227;226;land;true;plains;6
668;148;234;232;land;false;mountain;4
669;110;237;181;land;false;forest;7
670;246;208;139;land;true;forest;2
671;242;213;144;land;false;jungle;4
672;171;137;201;land;false;mountain;1
673;224;247;108;land;false;mountain;4
674;156;174;187;land;false;mountain;1
675;212;159;210;land;false;forest;2
676;212;238;209;land;false;mountain;2
677;237;53;223;land;false;jungle;4
678;128;205;241;land;false;forest;1
679;197;101;215;land;false;plains;1
680;249;107;202;land;true;plains;1
681;228;163;197;land;false;desert;4
682;155;243;185;land;false;mountain;4
683;157;203;242;land;false;forest;7
684;170;248;192;land;false;desert;4
685;157;180;186;land;false;forest;2
686;200;189;115;land;false;mountain;4
687;162;131;234;land;false;mountain;4
688;154;233;169;land;false;mountain;6
689;120;158;235;land;false;desert;4
690;239;154;202;land;false;mountain;4
691;211;251;117;land;true;plains;7
692;230;203;130;land;false;forest;2
693;190;228;170;land;true;plains;5
694;232;227;118;land;false;forest;2
695;226;229;190;land;false;desert;4
696;229;116;250;land;false;mountain;2
697;205;183;200;land;false;forest;2
698;200;205;199;land;false;mountain;1
699;240;220;180;land;false;desert;4
700;182;200;161;land;false;desert;4
701;128;208;167;land;false;plains;1
702;143;149;227;land;true;plains;6
703;166;217;177;land;false;mountain;4
704;149;117;238;land;false;plains;3
705;241;82;241;land;false;forest;2
706;226;66;220;land;true;mountain;2
707;195;185;167;land;false;jungle;4
708;163;254;189;land;false;desert;4
709;85;235;232;land;false;desert;4
710;118;252;242;land;false;mountain;4
711;143;172;251;land;true;mountain;1
712;213;211;186;land;false;jungle;4
713;193;152;165;land;true;plains;5
714;32;248;232;land;true;mountain;3
715;206;149;209;land;false;plains;1
716;99;230;243;land;false;desert;4
717;216;156;157;land;false;mountain;4
718;252;233;135;land;false;mountain;4
719;130;203;241;land;false;mountain;2
720;221;188;253;land;false;mountain;1
721;233;227;163;land;true;mountain;7
722;228;253;229;land;true;plains;2
723;246;99;216;land;false;desert;4
724;135;245;177;land;true;mountain;4
725;221;83;224;land;false;mountain;2
726;181;168;239;land;false;desert;4
727;150;241;226;land;false;plains;1
728;232;146;225;land;false;mountain;4
729;141;232;229;land;false;jungle;4
730;173;252;241;land;false;desert;4
731;174;159;210;land;false;jungle;4
732;250;172;113;land;false;desert;4
733;230;126;198;land;false;desert;4
734;230;232;241;land;true;plains;6
735;109;247;158;land;false;mountain;2
736;210;157;218;land;false;desert;4
737;222;248;146;land;false;mountain;3
738;250;135;188;land;true;plains;5
739;242;200;250;land;false;jungle;4
740;253;174;179;land;false;desert;4
741;222;157;128;land;false;mountain;4
742;181;214;147;land;true;plains;7
743;194;249;124;land;false;mountain;4
744;106;243;167;land;true;forest;3
745;172;220;122;land;false;plains;4
746;136;242;217;land;false;desert;4
747;234;31;242;land;false;mountain;1
748;127;227;198;land;false;forest;1
749;218;168;220;land;false;desert;4
750;219;230;180;land;false;mountain;2
751;147;211;249;land;false;plains;2
752;162;163;252;land;false;desert;4
753;203;127;178;land;false;jungle;4
754;161;166;231;land;false;forest;7
755;164;204;159;land;false;mountain;6
756;116;201;228;land;false;marsh;2
757;174;252;103;land;false;mountain;7
758;241;142;160;land;false;desert;4
759;83;238;219;land;false;desert;4
760;252;39;244;land;true;plains;5
761;119;239;215;land;true;plains;5
762;254;111;147;land;false;plains;2
763;253;198;196;land;true;plains;5
764;144;135;226;land;false;mountain;2
765;172;158;244;land;true;plains;5
766;188;198;148;land;false;plains;2
767;234;233;231;land;false;forest;2
768;227;217;130;land;false;plains;4
769;244;191;68;land;true;plains;5
770;212;191;168;land;false;forest;5
771;244;37;235;land;true;plains;6
772;201;228;217;land;false;mountain;1
773;205;117;234;land;false;mountain;2
774;217;144;146;land;false;mountain;2
775;232;193;174;land;false;mountain;1
776;209;194;245;land;false;mountain;1
777;190;245;99;land;false;forest;3
778;219;244;140;land;false;desert;4
779;198;245;115;land;true;forest;2
780;179;152;250;land;false;desert;4
781;231;74;221;land;false;jungle;4
782;59;214;249;land;false;mountain;4
783;217;232;87;land;true;plains;2
784;247;116;244;land;true;desert;4
785;108;245;158;land;true;forest;7
786;250;107;188;land;true;jungle;4
787;118;170;234;land;false;plains;1
788;147;181;184;land;false;mountain;2
789;159;247;182;land;false;mountain;4
790;188;227;107;land;true;forest;3
791;227;137;237;land;true;plains;5
792;102;244;169;land;false;plains;2
793;163;233;113;land;false;forest;1
794;143;181;235;land;false;desert;4
795;175;247;180;land;true;plains;7
796;254;85;186;land;false;jungle;4
797;234;125;184;land;false;mountain;7
798;176;235;192;land;false;mountain;4
799;202;240;178;land;false;desert;4
800;217;118;242;land;true;plains;5
801;190;216;223;land;false;forest;1
802;101;227;236;land;false;jungle;4
803;216;207;100;land;false;desert;4
804;238;233;194;land;false;mountain;1
805;179;220;237;land;false;mountain;4
806;120;250;135;land;true;mountain;3
807;170;123;234;land;false;plains;2
808;78;234;206;land;false;forest;2
809;155;179;215;land;false;desert;4
810;252;72;187;land;true;forest;2
811;192;242;113;land;false;mountain;3
812;207;213;136;land;true;desert;6
813;250;211;140;land;false;desert;4
814;218;51;243;land;true;plains;6
815;180;236;222;land;false;desert;4
816;209;138;230;land;true;plains;7
817;174;161;247;land;false;mountain;4
818;251;242;31;land;false;desert;4
819;151;181;246;land;true;plains;3
820;230;248;28;land;true;desert;4
821;127;223;185;land;false;mountain;6
822;106;205;203;land;true;forest;3
823;188;180;208;land;true;plains;5
824;168;226;125;land;true;plains;2
825;252;104;216;land;false;forest;2
826;107;239;188;land;false;mountain;4
827;158;191;209;land;true;plains;5
828;251;69;224;land;true;desert;4
829;208;188;143;land;true;desert;4
830;244;186;91;land;false;mountain;2
831;191;160;254;land;true;plains;5
832;137;247;118;land;false;jungle;4
833;222;69;216;land;false;desert;4
834;144;211;249;land;false;mountain;4
835;171;194;149;land;false;mountain;4
836;193;155;228;land;false;plains;7
837;188;190;139;land;false;desert;4
838;75;223;231;land;false;plains;1
839;232;245;65;land;false;desert;4
840;234;162;208;land;false;desert;4
841;215;170;181;land;true;plains;4
842;145;193;169;land;false;mountain;4
843;218;206;202;land;true;desert;4
844;157;189;250;land;false;mountain;1
845;237;216;226;land;false;plains;7
846;204;248;76;land;false;desert;4
847;251;218;42;land;false;mountain;7
848;165;159;207;land;false;desert;4
849;233;115;222;land;false;desert;4
850;112;193;214;land;true;plains;5
851;134;197;217;land;false;mountain;2
852;225;209;187;land;false;jungle;4
853;237;122;191;land;false;plains;1
854;120;139;243;land;false;mountain;1
855;197;105;250;land;false;mountain;4
856;230;85;203;land;false;mountain;4
857;233;225;109;land;false;plains;1
858;192;151;228;land;false;jungle;4
859;252;210;185;land;true;forest;7
860;203;238;72;land;true;forest;2
861;244;90;244;land;true;plains;2
862;252;253;193;land;false;mountain;4
863;227;142;182;land;false;mountain;2
864;176;212;140;land;false;mountain;2
865;254;181;243;land;false;mountain;4
866;187;242;254;land;false;mountain;2
867;150;154;240;land;true;plains;2
868;208;174;203;land;false;mountain;4
869;115;170;235;land;false;plains;3
870;199;254;218;land;true;desert;4
871;194;155;203;land;false;forest;2
872;220;190;210;land;true;plains;7
873;252;204;221;land;false;jungle;4
874;150;246;253;land;true;plains;7
875;218;128;254;land;false;mountain;7
876;244;15;245;land;true;mountain;1
877;202;251;77;land;true;plains;5
878;215;220;222;land;false;plains;2
879;117;241;147;land;false;mountain;5
880;254;193;126;land;false;forest;3
881;214;149;253;land;true;plains;7
882;75;193;243;land;false;mountain;4
883;112;234;246;land;false;desert;4
884;88;199;217;land;true;plains;5
885;232;118;227;land;true;desert;4
886;235;220;94;land;true;jungle;4
887;239;196;105;land;false;mountain;7
888;111;232;212;land;false;jungle;4
889;224;168;197;land;false;mountain;2
890;234;39;231;land;false;plains;1
891;235;55;249;land;true;mountain;4
892;162;228;248;land;false;mountain;4
893;241;179;172;land;true;desert;4
894;248;38;239;land;false;mountain;4
895;108;230;233;land;false;mountain;7
896;226;228;151;land;false;mountain;6
897;237;217;151;land;true;mountain;1
898;153;200;209;land;false;jungle;2
899;224;127;197;land;false;desert;4
900;180;185;229;land;false;forest;1
901;242;156;138;land;false;desert;4
902;191;157;205;land;true;plains;5
903;128;204;183;land;false;desert;4
904;160;151;226;land;true;forest;3
905;185;223;191;land;false;forest;2
906;234;60;222;land;true;forest;4
907;210;168;252;land;false;forest;1
908;248;156;126;land;false;mountain;2
909;175;176;198;land;false;plains;2
910;214;58;236;land;false;mountain;2
911;196;156;221;land;false;marsh;2
912;236;150;216;land;false;plains;2
913;225;205;79;land;false;jungle;4
914;158;234;134;land;true;plains;4
915;195;155;171;land;true;mountain;3
916;137;230;189;land;false;plains;2
917;37;244;221;land;false;mountain;4
918;250;108;178;land;false;jungle;4
919;170;189;226;land;false;mountain;1
920;204;95;243;land;false;plains;4
921;218;180;246;land;true;plains;5
922;178;227;106;land;false;plains;7
923;217;245;76;land;true;plains;7
924;238;171;220;land;false;plains;7
925;95;235;234;land;false;mountain;4
926;160;213;216;land;false;jungle;4
927;215;134;183;land;false;desert;4
928;204;135;230;land;true;plains;2
929;209;152;219;land;true;desert;4
930;215;105;207;land;false;desert;4
931;117;199;221;land;true;mountain;3
932;170;213;240;land;false;mountain;2
933;190;174;148;land;false;jungle;4
934;170;160;220;land;false;mountain;2
935;218;237;244;land;false;plains;2
936;243;201;178;land;false;mountain;2
937;194;219;112;land;true;plains;2
938;211;248;121;land;false;desert;4
939;76;229;254;land;false;mountain;4
940;249;186;168;land;false;jungle;4
941;215;200;201;land;false;jungle;4
942;225;79;234;land;false;mountain;2
943;170;161;199;land;true;plains;5
944;228;127;190;land;false;jungle;4
945;144;230;129;land;false;desert;4
946;159;230;136;land;false;desert;4
947;135;237;137;land;false;mountain;1
948;186;149;245;land;false;desert;4
949;164;245;99;land;true;forest;1
950;187;105;229;land;false;mountain;4
951;224;205;133;land;false;mountain;1
952;162;186;254;land;true;plains;2
953;244;212;254;land;true;mountain;3
954;190;145;171;land;true;plains;7
955;105;192;219;land;true;desert;4
956;180;245;109;land;false;desert;4
957;213;233;236;land;false;desert;4
958;206;197;180;land;true;plains;6
959;140;245;123;land;true;jungle;4
960;195;100;240;land;false;forest;7
961;221;235;105;land;false;mountain;4
962;198;203;207;land;true;plains;5
963;220;222;77;land;false;desert;4
964;190;240;94;land;false;mountain;5
965;181;236;219;land;true;plains;5
966;84;186;233;land;false;mountain;4
967;113;248;222;land;false;mountain;4
968;164;234;249;land;false;mountain;4
969;222;228;136;land;false;plains;1
970;165;218;126;land;false;mountain;1
971;193;133;185;land;false;desert;4
972;211;122;207;land;false;mountain;4
973;189;98;214;land;true;plains;5
974;226;118;247;land;false;forest;2
975;200;169;203;land;true;desert;4
976;193;251;100;land;false;mountain;2
977;198;78;233;land;false;desert;4
978;229;225;72;land;false;desert;4
979;244;188;157;land;true;mountain;1
980;237;75;195;land;true;forest;3
981;210;218;123;land;false;forest;3
982;218;73;216;land;true;plains;6
983;241;242;188;land;false;desert;4
984;234;189;204;land;false;desert;4
985;226;236;100;land;false;plains;2
986;221;227;121;land;false;urban;6
987;224;132;216;land;true;plains;5
988;210;239;102;land;false;forest;1
989;184;168;253;land;false;forest;7
990;50;208;248;land;false;mountain;4
991;206;239;102;land;false;mountain;4
992;186;172;183;land;true;forest;1
993;169;238;218;land;true;plains;7
994;156;203;237;land;false;forest;3
995;171;139;250;land;false;forest;2
996;129;233;146;land;false;forest;2
997;211;202;179;land;true;desert;4
998;131;223;161;land;false;mountain;4
999;154;247;233;land;false;desert;4
1000;154;182;175;land;false;mountain;2
1001;246;152;114;land;true;plains;5
1002;161;240;142;land;false;mountain;1
1003;151;206;185;land;false;mountain;1
1004;219;122;197;land;true;mountain;3
1005;240;180;105;land;false;forest;1
1006;231;170;164;land;false;mountain;4
1007;196;246;199;land;false;plains;2
1008;144;180;219;land;false;mountain;2
1009;191;132;190;land;true;plains;7
1010;220;202;115;land;false;mountain;1
1011;104;190;229;land;true;plains;5
1012;103;224;220;land;false;forest;1
1013;184;202;144;land;true;plains;6
1014;140;254;180;land;false;forest;2
1015;148;229;213;land;false;desert;4
1016;195;234;247;land;true;mountain;4
1017;188;236;183;land;false;forest;2
1018;236;174;211;land;false;desert;4
1019;233;181;93;land;true;forest;1
1020;214;208;180;land;true;desert;4
1021;180;161;227;land;false;forest;1
1022;124;185;224;land;true;desert;4
1023;195;181;140;land;false;mountain;5
1024;242;238;138;land;false;forest;2
1025;175;154;254;land;true;plains;2
1026;212;238;74;land;false;mountain;1
1027;135;252;136;land;false;jungle;4
1028;234;237;48;land;false;plains;2
1029;109;212;192;land;true;plains;5
1030;229;226;154;land;true;plains;7
1031;227;161;219;land;true;plains;6
1032;234;108;219;land;false;jungle;4
1033;131;147;232;land;true;plains;5
1034;94;247;201;land;false;mountain;2
1035;178;240;236;land;false;desert;4
1036;213;251;38;land;false;forest;7
1037;241;243;216;land;false;forest;2
1038;209;151;184;land;false;mountain;4
1039;171;213;250;land;false;desert;4
1040;236;245;166;land;false;desert;4
1041;235;120;186;land;false;forest;2
1042;223;162;237;land;true;forest;1
1043;167;244;214;land;false;mountain;1
1044;123;244;139;land;false;mountain;2
1045;243;249;217;land;true;forest;3
1046;88;237;240;land;true;mountain;5
1047;182;183;160;land;true;plains;2
1048;237;183;209;land;false;plains;2
1049;211;130;239;land;true;mountain;5
1050;105;174;253;land;true;forest;3
1051;219;129;204;land;true;forest;5
1052;208;208;143;land;false;forest;2
1053;249;225;230;land;false;mountain;4
1054;202;174;178;land;true;forest;5
1055;238;251;39;land;false;forest;7
1056;249;197;245;land;false;forest;1
1057;234;236;230;land;false;mountain;2
1058;228;218;85;land;true;mountain;5
1059;175;252;240;land;false;mountain;7
1060;248;223;251;land;false;desert;4
1061;217;204;181;land;false;forest;2
1062;216;237;211;land;false;plains;2
1063;246;223;62;land;false;mountain;5
1064;194;233;215;land;false;forest;1
1065;243;167;91;land;false;plains;1
1066;134;253;116;land;false;mountain;6
1067;198;242;130;land;false;jungle;4
1068;168;153;220;land;true;mountain;4
1069;222;231;166;land;false;jungle;4
1070;118;252;169;land;false;jungle;4
1071;240;244;103;land;false;mountain;1
1072;197;194;113;land;true;plains;7
1073;198;222;108;land;false;mountain;4
1074;251;184;138;land;false;plains;1
1075;246;134;172;land;true;plains;2
1076;231;215;205;land;false;mountain;4
1077;194;253;242;land;false;desert;4
1078;243;211;109;land;false;mountain;1
1079;241;96;236;land;false;urban;6
1080;190;234;144;land;false;mountain;4
1081;159;219;129;land;false;mountain;1
1082;112;171;219;land;false;mountain;2
1083;103;254;217;land;false;jungle;4
1084;249;234;66;land;true;forest;3
1085;251;166;132;land;false;forest;3
1086;253;209;101;land;true;plains;3
1087;86;197;235;land;false;mountain;2
1088;188;143;218;land;false;forest;5
1089;239;243;102;land;false;plains;7
1090;139;180;212;land;false;desert;4
1091;245;116;171;land;false;mountain;2
1092;219;142;179;land;false;mountain;4
1093;218;120;249;land;false;plains;1
1094;214;174;188;land;false;forest;1
1095;222;166;213;land;false;desert;4
1096;209;252;211;land;true;plains;2
1097;140;239;179;land;true;mountain;2
1098;215;133;205;land;false;mountain;2
1099;242;221;62;land;false;desert;4
1100;224;229;86;land;false;forest;7
1101;238;174;232;land;false;desert;4
1102;123;163;242;land;true;plains;5
1103;238;208;207;land;false;forest;1
1104;197;250;227;land;false;desert;4
1105;243;218;137;land;true;desert;4
1106;122;151;228;land;false;mountain;4
1107;108;251;190;land;false;plains;2
1108;225;204;144;land;true;mountain;5
1109;202;106;229;land;true;mountain;7
1110;199;221;245;land;true;desert;4
1111;237;219;59;land;false;plains;5
1112;244;42;254;land;true;plains;5
1113;242;211;53;land;false;mountain;6
1114;231;176;246;land;false;forest;2
1115;229;128;215;land;false;plains;1
1116;148;209;198;land;false;desert;4
1117;242;215;137;land;true;plains;5
1118;234;73;218;land;false;forest;5
1119;206;191;154;land;false;mountain;6
1120;225;225;140;land;true;forest;3
1121;241;128;196;land;false;forest;1
1122;182;188;218;land;false;plains;1
1123;231;177;197;land;false;forest;2
1124;253;198;208;land;false;desert;4
1125;206;183;251;land;false;forest;7
1126;253;172;183;land;false;mountain;4
1127;229;206;94;land;false;forest;1
1128;162;223;154;land;true;forest;3
1129;153;202;185;land;true;mountain;3
1130;218;172;208;land;false;desert;4
1131;188;227;149;land;false;mountain;2
1132;139;188;224;land;false;jungle;4
1133;230;163;121;land;false;plains;2
1134;117;167;248;land;false;mountain;4
1135;228;174;126;land;false;mountain;3
1136;237;92;206;land;false;mountain;4
1137;194;188;163;land;true;mountain;3
1138;237;107;191;land;false;plains;1
1139;94;237;251;land;false;mountain;1
1140;208;207;205;land;true;plains;2
1141;172;229;235;land;false;jungle;4
1142;27;253;230;land;false;desert;4
1143;148;228;210;land;false;jungle;4
1144;181;244;130;land;true;forest;5
1145;80;239;253;land;true;plains;6
1146;203;142;248;land;false;hills;2
1147;164;182;174;land;false;desert;4
1148;219;198;92;land;false;jungle;4
1149;155;228;159;land;false;mountain;4
1150;67;212;229;land;false;mountain;2
1151;169;165;193;land;false;desert;4
1152;188;201;236;land;false;desert;4
1153;188;218;143;land;false;mountain;2
1154;212;244;84;land;false;desert;4
1155;136;121;251;land;true;forest;2
1156;210;152;172;land;false;forest;1
1157;174;240;199;land;false;plains;2
1158;225;106;230;land;true;forest;3
1159;50;248;252;land;false;mountain;3
1160;163;183;202;land;false;forest;5
1161;120;241;162;land;true;plains;2
1162;105;237;164;land;false;jungle;4
1163;203;241;177;land;true;forest;7
1164;241;220;243;land;false;mountain;2
1165;113;250;139;land;false;desert;4
1166;245;37;251;land;false;forest;2
1167;177;252;81;land;false;jungle;4
1168;227;215;114;land;true;jungle;4
1169;249;215;191;land;false;mountain;6
1170;223;215;178;land;false;plains;6
1171;251;73;209;land;false;mountain;4
1172;226;192;214;land;false;plains;1
1173;189;176;173;land;false;jungle;4
1174;239;80;215;land;false;desert;4
1175;236;182;123;land;true;desert;4
1176;217;211;163;land;false;forest;2
1177;236;215;251;land;true;mountain;3
1178;149;154;213;land;true;plains;6
1179;207;136;185;land;false;desert;4
1180;246;202;89;land;false;mountain;4
1181;186;91;233;land;false;desert;4
1182;183;158;194;land;false;mountain;4
1183;188;253;71;land;true;mountain;3
1184;111;179;217;land;false;mountain;2
1185;244;168;138;land;false;mountain;2
1186;223;148;214;land;false;plains;1
1187;249;186;236;land;false;mountain;4
1188;98;208;223;land;false;jungle;4
1189;218;169;195;land;false;desert;4
1190;195;194;145;land;false;mountain;4
1191;204;242;122;land;false;forest;5
1192;69;229;244;land;false;jungle;4
1193;212;106;232;land;false;desert;4
1194;202;156;170;land;false;plains;1
1195;249;219;110;land;false;desert;4
1196;224;177;252;land;false;mountain;4
1197;225;170;151;land;false;forest;1
1198;254;150;201;land;true;forest;1
1199;235;199;136;land;false;plains;2
1200;204;244;101;land;true;desert;4
1201;253;108;186;land;false;forest;3
1202;236;133;233;land;false;marsh;2
1203;186;136;217;land;false;mountain;1
1204;37;247;232;land;false;mountain;1
1205;151;192;254;land;false;jungle;4
1206;251;119;157;land;false;mountain;4
1207;151;222;246;land;false;mountain;1
1208;248;225;230;land;true;plains;5
1209;182;169;190;land;false;mountain;7
1210;199;243;232;land;false;jungle;4
1211;156;248;142;land;false;desert;4
1212;159;212;144;land;false;mountain;2
1213;97;206;233;land;false;plains;2
1214;161;178;245;land;false;desert;4
1215;226;63;238;land;false;desert;4
1216;201;72;237;land;false;mountain;1
1217;230;179;190;land;false;mountain;1
1218;124;232;164;land;false;mountain;2
1219;101;249;182;land;false;forest;1
1220;112;169;238;land;false;jungle;4
1221;254;238;28;land;false;desert;4
1222;201;112;223;land;false;desert;4
1223;102;242;250;land;true;plains;2
1224;251;160;238;land;false;desert;4
1225;142;199;238;land;false;desert;4
1226;252;217;80;land;true;mountain;6
1227;213;198;139;land;false;mountain;2
1228;151;185;181;land;false;jungle;4
1229;143;218;231;land;false;desert;4
1230;253;194;77;land;false;mountain;2
1231;196;158;227;land;false;mountain;2
1232;245;214;179;land;false;mountain;7
1233;209;121;195;land;false;jungle;4
1234;240;239;87;land;false;plains;5
1235;153;148;233;land;false;forest;1
1236;165;154;219;land;false;forest;1
1237;219;95;192;land;false;jungle;4
1238;249;67;241;land;false;hills;2
1239;208;212;207;land;false;mountain;4
1240;157;200;191;land;false;desert;4
1241;90;225;228;land;true;desert;4
1242;243;236;124;land;true;desert;4
1243;130;229;178;land;true;plains;4
1244;231;196;207;land;true;plains;5
1245;241;136;162;land;false;mountain;4
1246;107;228;207;land;true;plains;5
1247;215;225;94;land;false;plains;2
1248;173;212;228;land;false;desert;4
1249;168;183;159;land;false;marsh;2
1250;103;241;188;land;false;mountain;5
1251;121;212;202;land;false;mountain;7
1252;249;47;214;land;false;mountain;2
1253;192;227;209;land;false;mountain;2
1254;140;203;205;land;false;mountain;6
1255;242;226;198;land;false;plains;1
1256;77;216;222;land;false;forest;7
1257;184;234;217;land;false;forest;1
1258;197;176;145;land;false;plains;1
1259;196;196;248;land;false;mountain;4
1260;238;247;84;land;false;mountain;4
1261;188;142;186;land;false;desert;4
1262;166;176;218;land;true;desert;4
1263;178;219;169;land;true;plains;4
1264;221;186;198;land;false;desert;4
1265;28;251;239;land;true;plains;5
1266;240;241;246;land;false;forest;5
1267;224;179;207;land;false;mountain;4
1268;245;131;178;land;false;mountain;1
1269;135;170;223;land;false;jungle;4
1270;140;236;231;land;false;plains;4
1271;233;169;161;land;true;plains;2
1272;185;247;172;land;false;desert;4
1273;203;210;244;land;false;forest;2
1274;240;233;139;land;false;mountain;4
1275;163;231;114;land;false;desert;4
1276;104;211;238;land;false;desert;4
1277;249;185;80;land;false;mountain;2
1278;233;214;252;land;false;plains;1
1279;214;167;251;land;false;mountain;2
1280;106;236;198;land;true;mountain;1
1281;161;236;207;land;false;jungle;4
1282;174;245;152;land;false;jungle;4
1283;138;238;140;land;false;desert;4
1284;191;187;130;land;false;mountain;2
1285;88;243;186;land;false;desert;4
1286;116;236;171;land;false;desert;4
1287;27;243;235;land;false;hills;2
1288;245;176;156;land;false;mountain;3
1289;245;226;69;land;true;plains;5
1290;198;173;151;land;false;plains;2
1291;237;184;242;land;true;forest;3
1292;217;136;174;land;false;mountain;4
1293;96;216;200;land;true;plains;5
1294;220;223;60;land;false;jungle;4
1295;253;227;114;land;false;mountain;4
1296;245;129;169;land;false;mountain;4
1297;227;230;170;land;true;mountain;7
1298;110;218;230;land;false;mountain;3
1299;240;182;151;land;true;plains;5
1300;210;182;125;land;false;jungle;4
1301;95;184;243;land;false;plains;1
1302;147;250;127;land;true;desert;4
1303;200;252;229;land;false;jungle;4
1304;197;211;118;land;false;desert;4
1305;150;103;250;land;false;forest;7
1306;142;219;211;land;false;forest;1
1307;196;232;232;land;false;mountain;4
1308;224;194;164;land;true;plains;2
1309;141;168;221;land;false;plains;2
1310;135;159;211;land;false;mountain;4
1311;228;151;254;land;false;forest;7
1312;243;201;215;land;false;jungle;4
1313;241;217;107;land;false;desert;4
1314;129;234;196;land;false;mountain;4
1315;239;137;140;land;true;plains;5
1316;249;232;135;land;false;mountain;4
1317;250;129;150;land;false;mountain;4
1318;245;253;144;land;false;mountain;4
1319;70;215;225;land;false;mountain;2
1320;149;175;180;land;false;mountain;2
1321;149;201;173;land;false;mountain;1
1322;204;66;232;land;false;mountain;2
1323;116;237;219;land;false;mountain;2
1324;191;246;222;land;false;desert;4
1325;202;239;151;land;false;mountain;6
1326;198;183;207;land;true;mountain;3
1327;232;116;167;land;false;jungle;4
1328;182;246;160;land;false;mountain;4
1329;158;190;209;land;false;mountain;2
1330;203;199;208;land;false;desert;4
1331;186;171;233;land;false;mountain;2
1332;196;161;158;land;false;desert;4
1333;153;201;214;land;false;forest;2
1334;238;112;209;land;false;mountain;2
1335;218;253;245;land;false;mountain;1
1336;204;138;203;land;false;plains;7
1337;224;200;154;land;false;plains;2
1338;150;250;190;land;false;mountain;2
1339;241;254;46;land;true;plains;3
1340;169;202;165;land;true;mountain;2
1341;145;152;215;land;false;desert;4
1342;211;236;110;land;false;desert;4
1343;85;198;234;land;true;plains;5
1344;226;248;164;land;true;plains;5
1345;140;170;243;land;false;mountain;6
1346;101;204;211;land;false;desert;4
1347;169;250;100;land;true;plains;5
1348;190;230;137;land;false;mountain;1
1349;198;211;96;land;false;mountain;1
1350;121;231;250;land;true;plains;7
1351;136;217;230;land;false;mountain;2
1352;200;213;200;land;false;mountain;6
1353;131;187;196;land;false;jungle;2
1354;196;242;227;land;false;plains;2
1355;199;205;173;land;false;desert;4
1356;218;33;254;land;true;jungle;4
1357;253;244;57;land;false;mountain;2
1358;201;156;145;land;true;mountain;1
1359;170;216;241;land;false;mountain;2
1360;253;66;210;land;false;jungle;4
1361;143;242;225;land;false;mountain;2
1362;197;206;194;land;true;desert;4
1363;213;243;248;land;false;plains;1
1364;138;187;242;land;false;forest;1
1365;184;196;189;land;true;desert;4
1366;226;233;56;land;false;mountain;4
1367;197;142;217;land;false;forest;1
1368;153;252;236;land;false;plains;2
1369;241;183;153;land;false;plains;1
1370;141;188;187;land;false;mountain;2
1371;183;102;229;land;true;plains;2
1372;173;193;164;land;false;plains;2
1373;221;167;135;land;false;jungle;4
1374;198;123;220;land;false;mountain;4
1375;179;174;150;land;false;mountain;1
1376;241;238;43;land;false;mountain;4
1377;176;194;243;land;false;desert;4
1378;243;245;214;land;false;jungle;4
1379;120;192;217;land;false;mountain;4
1380;111;208;223;land;false;desert;4
1381;239;121;196;land;false;plains;5
1382;219;158;144;land;false;mountain;2
1383;137;169;211;land;false;desert;4
1384;41;248;247;land;false;mountain;2
1385;242;140;242;land;false;jungle;4
1386;254;186;103;land;false;mountain;4
1387;234;127;243;land;false;mountain;1
1388;197;82;234;land;false;mountain;4
1389;219;224;184;land;false;jungle;4
1390;191;252;181;land;false;mountain;2
1391;143;236;124;land;true;mountain;1
1392;246;208;202;land;false;jungle;4
1393;148;220;246;land;false;mountain;2
1394;229;151;177;land;false;mountain;4
1395;220;205;159;land;false;forest;7
1396;253;239;166;land;false;mountain;4
1397;213;252;61;land;false;mountain;4
1398;182;216;184;land;false;desert;4
1399;53;249;247;land;true;forest;3
1400;254;126;252;land;false;desert;4
1401;181;165;162;land;false;plains;2
1402;239;208;192;land;false;mountain;2
1403;159;249;158;land;false;desert;4
1404;228;144;212;land;false;plains;5
1405;171;248;117;land;false;plains;2
1406;226;102;184;land;false;mountain;1
1407;249;146;120;land;false;desert;4
1408;199;154;188;land;true;plains;7
1409;137;197;253;land;true;mountain;7
1410;155;228;124;land;false;hills;2
1411;222;168;247;land;false;plains;2
1412;215;205;195;land;false;forest;1
1413;249;220;249;land;false;plains;2
1414;250;247;195;land;true;forest;3
1415;154;168;245;land;false;forest;5
1416;129;177;239;land;false;mountain;2
1417;240;82;238;land;false;forest;1
1418;90;230;194;land;false;desert;4
1419;217;184;128;land;false;mountain;2
1420;177;186;195;land;false;mountain;4
1421;213;101;242;land;false;desert;4
1422;189;175;220;land;false;jungle;4
1423;224;132;153;land;false;mountain;2
1424;187;98;242;land;false;forest;2
1425;204;169;209;land;false;mountain;1
1426;239;231;174;land;false;desert;4
1427;242;207;246;land;false;mountain;1
1428;254;182;210;land;true;plains;3
1429;242;95;166;land;false;plains;5
1430;189;195;183;land;true;plains;2
1431;252;173;213;land;true;plains;2
1432;250;240;18;land;false;plains;1
1433;225;206;84;land;false;plains;2
1434;127;250;202;land;false;jungle;4
1435;82;222;204;land;false;mountain;4
1436;161;227;198;land;true;mountain;1
1437;169;221;144;land;false;mountain;2
1438;162;227;157;land;true;mountain;6
1439;147;239;198;land;false;plains;7
1440;145;225;155;land;false;mountain;2
1441;248;244;85;land;false;jungle;4
1442;157;218;209;land;false;plains;7
1443;239;134;137;land;false;mountain;2
1444;189;91;240;land;false;desert;4
1445;225;188;150;land;true;forest;3
1446;227;161;186;land;false;mountain;2
1447;247;109;235;land;false;desert;4
1448;103;230;198;land;false;plains;5
1449;245;178;128;land;false;desert;4
1450;243;137;159;land;true;plains;5
1451;132;231;177;land;false;mountain;2
1452;212;126;176;land;false;plains;1
1453;192;113;238;land;true;plains;5
1454;216;66;222;land;false;mountain;2
1455;251;145;110;land;false;jungle;4
1456;83;198;222;land;false;forest;1
1457;231;231;199;land;false;desert;4
1458;165;162;226;land;true;mountain;1
1459;209;85;237;land;false;plains;5
1460;234;236;170;land;true;forest;7
1461;141;254;193;land;false;plains;5
1462;101;243;194;land;false;plains;7
1463;247;60;230;land;true;forest;3
1464;231;40;244;land;false;desert;4
1465;254;144;154;land;true;plains;6
1466;140;176;211;land;false;mountain;1
1467;181;192;162;land;false;desert;4
1468;109;237;168;land;false;mountain;4
1469;162;208;133;land;false;desert;4
1470;196;238;240;land;false;mountain;2
1471;250;174;243;land;false;plains;7
1472;214;207;220;land;true;desert;5
1473;223;200;101;land;false;mountain;4
1474;173;210;247;land;false;desert;4
1475;250;139;187;land;false;desert;4
1476;207;250;209;land;false;jungle;4
1477;235;81;208;land;true;plains;6
1478;116;179;251;land;false;mountain;4
1479;170;111;226;land;false;plains;5
1480;206;227;141;land;false;plains;5
1481;143;234;196;land;false;mountain;7
1482;240;199;194;land;false;desert;4
1483;218;156;214;land;true;mountain;1
1484;216;229;62;land;true;plains;6
1485;188;186;149;land;false;jungle;4
1486;183;140;180;land;false;jungle;4
1487;234;217;122;land;true;mountain;3
1488;196;190;204;land;true;desert;4
1489;254;231;87;land;false;mountain;2
1490;192;163;247;land;false;desert;4
1491;219;178;109;land;false;forest;1
1492;174;113;222;land;false;plains;5
1493;238;223;186;land;false;desert;4
1494;111;210;184;land;false;jungle;4
1495;189;185;146;land;true;mountain;1
1496;222;179;110;land;false;mountain;2
1497;205;131;196;land;false;mountain;4
1498;243;220;129;land;false;mountain;4
1499;237;131;194;land;false;plains;2
1500;72;223;234;land;false;jungle;4
1501;176;112;252;land;false;mountain;1
1502;115;250;209;land;false;desert;4
1503;225;113;240;land;false;mountain;4
1504;72;248;192;land;false;hills;2
1505;224;188;130;land;false;mountain;1
1506;141;249;119;land;false;mountain;4
1507;187;241;236;land;false;jungle;4
1508;105;207;247;land;false;desert;4
1509;138;188;186;land;true;plains;2
1510;238;246;59;land;false;mountain;1
1511;137;224;187;land;false;jungle;4
1512;111;249;149;land;false;mountain;4
1513;229;205;194;land;false;desert;4
1514;172;225;213;land;false;desert;4
1515;151;138;254;land;false;mountain;4
1516;250;43;228;land;false;mountain;2
1517;152;166;250;land;true;desert;4
1518;250;118;236;land;false;mountain;2
1519;243;236;135;land;true;plains;5
1520;235;250;34;land;false;mountain;2
1521;149;150;205;land;false;mountain;6
1522;253;152;177;land;true;plains;5
1523;251;214;188;land;true;desert;4
1524;150;233;225;land;false;forest;2
1525;195;226;134;land;false;desert;4
1526;188;214;233;land;false;mountain;2
1527;214;223;120;land;false;desert;4
1528;155;195;156;land;true;jungle;4
1529;69;225;253;land;false;desert;4
1530;26;251;230;land;false;mountain;4
1531;252;226;113;land;true;plains;6
1532;99;178;242;land;false;mountain;4
1533;130;183;211;land;false;hills;2
1534;237;135;234;land;true;forest;3
1535;213;183;175;land;false;mountain;1
1536;118;149;235;land;false;desert;4
1537;216;121;176;land;false;jungle;4
1538;189;228;91;land;false;jungle;4
1539;180;146;244;land;false;forest;5
1540;239;178;195;land;true;mountain;2
1541;244;161;163;land;false;mountain;4
1542;156;225;175;land;false;desert;4
1543;254;140;147;land;true;forest;3
1544;244;240;219;land;true;mountain;7
1545;223;100;182;land;false;plains;2
1546;87;196;248;land;false;jungle;4
1547;241;211;57;land;true;plains;2
1548;254;185;84;land;false;plains;2
1549;218;134;223;land;true;plains;4
1550;200;210;91;land;false;mountain;2
1551;240;92;201;land;false;forest;2
1552;111;233;221;land;false;plains;5
1553;253;188;238;land;false;plains;4
1554;213;104;206;land;false;jungle;4
1555;46;245;254;land;false;desert;4
1556;213;200;207;land;true;plains;5
1557;208;184;223;land;false;jungle;4
1558;186;218;230;land;true;forest;5
1559;220;95;224;land;false;mountain;4
1560;192;132;247;land;true;forest;3
1561;162;153;193;land;false;forest;7
1562;195;142;199;land;true;forest;5
1563;234;219;140;land;false;mountain;5
1564;203;247;218;land;false;mountain;4
1565;226;126;202;land;false;mountain;5
1566;184;189;158;land;false;jungle;4
1567;232;73;228;land;false;mountain;2
1568;197;245;73;land;false;hills;2
1569;253;107;249;land;true;forest;1
1570;128;201;187;land;true;jungle;4
1571;238;250;49;land;false;forest;1
1572;173;195;183;land;false;plains;2
1573;190;194;128;land;false;mountain;7
1574;230;141;130;land;false;plains;1
1575;251;202;123;land;false;plains;1
1576;214;229;217;land;false;mountain;1
1577;165;202;195;land;false;mountain;4
1578;244;227;70;land;false;plains;1
1579;159;229;130;land;false;mountain;4
1580;253;209;217;land;false;desert;4
1581;154;171;249;land;true;mountain;1
1582;186;115;251;land;false;mountain;1
1583;249;184;251;land;true;mountain;1
1584;210;253;239;land;false;forest;7
1585;72;248;228;land;false;plains;2
1586;223;112;245;land;false;mountain;2
1587;208;168;237;land;false;mountain;3
1588;190;147;216;land;false;forest;1
1589;218;243;151;land;true;plains;3
1590;237;163;176;land;false;desert;4
1591;157;140;237;land;true;plains;6
1592;228;253;97;land;false;jungle;4
1593;254;159;191;land;false;mountain;2
1594;123;200;178;land;false;desert;4
1595;233;82;232;land;true;forest;3
1596;195;192;123;land;false;mountain;2
1597;208;168;241;land;true;plains;3
1598;253;135;201;land;true;forest;3
1599;86;235;245;land;false;desert;4
1600;175;106;239;land;false;desert;4
1601;252;199;53;land;false;mountain;2
1602;213;112;243;land;false;desert;4
1603;196;242;155;land;false;mountain;4
1604;235;69;246;land;false;plains;2
1605;226;249;76;land;false;desert;4
1606;199;247;66;land;false;mountain;2
1607;161;113;230;land;false;plains;1
1608;201;180;195;land;false;plains;2
1609;130;146;252;land;false;mountain;2
1610;232;245;202;land;false;forest;1
1611;212;226;92;land;false;desert;4
1612;218;56;230;land;false;forest;1
1613;183;219;157;land;true;desert;4
1614;216;252;83;land;false;mountain;1
1615;239;220;157;land;false;plains;2
1616;176;207;203;land;false;mountain;2
1617;206;220;177;land;false;desert;4
1618;169;207;241;land;false;mountain;5
1619;121;217;227;land;true;plains;5
1620;110;222;247;land;false;jungle;4
1621;84;252;167;land;false;desert;4
1622;149;244;252;land;false;jungle;4
1623;132;188;188;land;false;forest;2
1624;226;246;42;land;false;mountain;2
1625;191;213;207;land;false;plains;2
1626;239;238;33;land;false;jungle;4
1627;179;222;198;land;false;plains;1
1628;56;232;228;land;false;jungle;4
1629;203;237;149;land;false;mountain;2
1630;234;107;194;land;false;jungle;4
1631;215;236;172;land;false;mountain;2
1632;144;227;150;land;false;mountain;2
1633;237;57;239;land;false;mountain;4
1634;237;215;134;land;false;desert;4
1635;199;134;245;land;false;plains;2
1636;160;252;116;land;false;mountain;1
1637;199;152;246;land;false;jungle;4
1638;153;240;125;land;false;plains;1
1639;250;149;239;land;false;plains;2
1640;155;243;145;land;false;forest;2
1641;158;155;251;land;true;forest;3
1642;170;247;158;land;false;mountain;4
1643;210;241;213;land;false;mountain;5
1644;234;240;93;land;false;jungle;4
1645;208;236;123;land;false;mountain;1
1646;252;135;144;land;false;desert;4
1647;218;216;181;land;false;mountain;4
1648;78;245;228;land;false;mountain;4
1649;159;151;193;land;false;mountain;2
1650;217;237;140;land;true;mountain;3
1651;183;251;251;land;true;mountain;3
1652;232;206;109;land;true;plains;5
1653;248;101;246;land;false;forest;1
1654;155;240;147;land;false;marsh;2
1655;83;246;209;land;false;mountain;2
1656;238;190;162;land;false;jungle;4
1657;111;204;206;land;false;mountain;2
1658;212;206;93;land;false;jungle;4
1659;122;179;252;land;false;hills;2
1660;118;236;173;land;false;jungle;4
1661;181;169;213;land;false;mountain;2
1662;186;101;244;land;false;forest;1
1663;182;103;235;land;false;plains;1
1664;232;211;121;land;false;plains;2
1665;253;237;85;land;false;mountain;2
1666;235;167;200;land;false;hills;2
1667;109;239;244;land;false;desert;4
1668;61;203;252;land;false;forest;7
1669;94;254;248;land;false;jungle;4
1670;230;139;244;land;true;plains;3
1671;213;172;199;land;false;mountain;2
1672;245;26;235;land;false;forest;2
1673;140;244;234;land;false;jungle;4
1674;235;240;83;land;false;jungle;4
1675;248;99;205;land;false;mountain;2
1676;203;63;245;land;false;desert;4
1677;134;165;239;land;false;mountain;1
1678;212;136;226;land;false;plains;2
1679;249;242;220;land;false;mountain;4
1680;254;86;224;land;false;forest;2
1681;242;89;253;land;false;mountain;4
1682;144;248;154;land;true;plains;6
1683;240;237;215;land;false;jungle;4
1684;165;148;223;land;false;hills;2
1685;218;212;106;land;false;jungle;2
1686;233;163;162;land;false;desert;4
1687;119;253;218;land;false;plains;5
1688;246;117;140;land;false;plains;2
1689;193;220;198;land;false;mountain;2
1690;242;196;96;land;true;desert;4
1691;172;193;151;land;false;mountain;2
1692;224;201;240;land;false;mountain;1
1693;183;145;221;land;false;mountain;4
1694;245;239;90;land;false;mountain;2
1695;192;251;68;land;false;jungle;4
1696;182;203;161;land;false;desert;4
1697;204;250;111;land;false;forest;1
1698;219;234;49;land;true;plains;7
1699;156;150;202;land;true;plains;5
1700;103;252;226;land;false;mountain;1
1701;223;172;212;land;false;mountain;4
1702;127;216;197;land;false;plains;2
1703;77;250;176;land;false;mountain;4
1704;228;212;193;land;false;mountain;4
1705;231;252;208;land;false;mountain;4
1706;207;234;199;land;false;forest;7
1707;141;176;195;land;false;forest;5
1708;239;246;208;land;false;plains;4
1709;100;210;219;land;false;desert;4
1710;195;165;203;land;false;hills;2
1711;204;210;188;land;false;mountain;2
1712;235;254;131;land;false;mountain;4
1713;243;183;100;land;false;mountain;1
1714;218;213;230;land;true;plains;5
1715;164;101;250;land;false;mountain;2
1716;43;250;226;land;false;mountain;4
1717;169;214;192;land;false;jungle;4
1718;227;166;135;land;false;mountain;3
1719;245;124;238;land;true;desert;4
1720;115;232;188;land;false;mountain;4
1721;240;242;220;land;false;mountain;4
1722;222;174;205;land;false;mountain;2
1723;241;136;178;land;false;mountain;4
1724;247;205;118;land;false;desert;4
1725;201;233;251;land;true;mountain;4
1726;206;189;158;land;true;mountain;2
1727;217;192;203;land;false;mountain;4
1728;183;249;221;land;true;plains;2
1729;252;159;98;land;true;plains;2
1730;212;130;165;land;false;mountain;4
1731;219;169;146;land;false;mountain;1
1732;118;166;244;land;true;plains;3
1733;239;173;96;land;false;hills;2
1734;196;165;165;land;false;jungle;4
1735;201;147;164;land;true;mountain;2
1736;181;184;201;land;false;plains;7
1737;223;174;167;land;true;plains;2
1738;96;203;212;land;false;mountain;2
1739;209;250;221;land;false;mountain;1
1740;165;169;209;land;false;mountain;7
1741;159;98;252;land;false;mountain;4
1742;226;238;44;land;false;mountain;5
1743;204;172;208;land;true;plains;4
1744;250;186;81;land;true;desert;4
1745;228;125;238;land;false;jungle;4
1746;171;251;161;land;false;jungle;4
1747;106;228;177;land;false;plains;2
1748;90;245;228;land;false;marsh;2
1749;236;113;235;land;false;mountain;5
1750;109;225;249;land;false;desert;4
1751;224;244;93;land;false;desert;4
1752;218;123;214;land;true;plains;3
1753;179;123;236;land;false;forest;1
1754;245;72;249;land;true;mountain;1
1755;207;112;245;land;false;mountain;4
1756;186;200;169;land;false;mountain;4
1757;239;188;113;land;false;mountain;4
1758;102;176;237;land;false;forest;1
1759;237;140;212;land;false;hills;2
1760;156;177;245;land;false;forest;2
1761;249;218;194;land;false;mountain;1
1762;245;247;183;land;false;mountain;2
1763;80;238;224;land;false;mountain;4
1764;213;242;215;land;false;mountain;4
1765;244;234;251;land;false;plains;1
1766;135;221;161;land;false;desert;4
1767;226;230;231;land;true;mountain;2
1768;190;237;86;land;false;desert;4
1769;240;147;211;land;false;plains;2
1770;175;117;218;land;false;forest;2
1771;252;165;199;land;true;plains;5
1772;135;250;174;land;true;plains;5
1773;145;190;167;land;false;mountain;4
1774;239;193;88;land;true;plains;6
1775;46;248;250;land;false;mountain;1
1776;195;160;220;land;true;forest;1
1777;225;182;131;land;false;mountain;4
1778;233;219;166;land;false;mountain;4
1779;229;155;170;land;true;plains;5
1780;254;167;246;land;false;forest;3
1781;195;77;235;land;false;desert;4
1782;251;215;105;land;true;mountain;1
1783;135;223;243;land;false;mountain;4
1784;162;117;237;land;false;mountain;5
1785;183;239;100;land;true;desert;4
1786;241;200;70;land;false;mountain;1
1787;243;143;228;land;true;forest;7
1788;242;220;73;land;false;mountain;4
1789;238;233;95;land;false;jungle;4
1790;231;127;218;land;false;mountain;4
1791;207;211;194;land;false;jungle;4
1792;168;227;154;land;false;jungle;4
1793;231;251;108;land;true;mountain;1
1794;213;195;245;land;false;jungle;4
1795;77;250;193;land;false;desert;4
1796;235;203;83;land;false;mountain;4
1797;187;195;227;land;false;forest;5
1798;117;250;254;land;false;desert;4
1799;207;228;116;land;false;mountain;1
1800;213;222;186;land;false;mountain;2
1801;192;164;241;land;false;mountain;4
1802;228;217;183;land;false;plains;2
1803;210;170;127;land;false;forest;1
1804;196;244;149;land;true;forest;2
1805;252;245;67;land;false;plains;5
1806;102;230;169;land;false;mountain;4
1807;245;142;119;land;false;jungle;4
1808;219;180;207;land;false;jungle;4
1809;247;83;172;land;false;mountain;4
1810;253;167;115;land;false;jungle;4
1811;213;153;174;land;false;mountain;7
1812;241;174;113;land;true;jungle;4
1813;182;231;184;land;false;jungle;4
1814;154;106;252;land;true;plains;1
1815;218;138;207;land;false;forest;7
1816;200;248;211;land;false;desert;4
1817;189;126;247;land;false;desert;4
1818;189;188;165;land;false;plains;5
1819;214;218;69;land;true;plains;6
1820;202;142;198;land;false;mountain;1
1821;70;233;246;land;false;plains;2
1822;237;169;149;land;false;jungle;4
1823;226;248;208;land;true;plains;6
1824;224;181;177;land;false;jungle;4
1825;226;237;155;land;false;forest;1
1826;241;91;241;land;false;forest;1
1827;213;107;211;land;false;plains;5
1828;245;184;147;land;false;desert;4
1829;154;183;177;land;false;mountain;4
1830;211;168;172;land;false;forest;1
1831;147;162;198;land;true;plains;5
1832;198;174;176;land;true;plains;5
1833;230;253;249;land;true;plains;3
1834;139;164;206;land;false;marsh;2
1835;254;104;236;land;false;desert;4
1836;75;216;228;land;false;mountain;1
1837;222;169;157;land;false;plains;4
1838;170;198;137;land;true;desert;3
1839;252;101;210;land;false;plains;1
1840;182;248;129;land;true;mountain;3
1841;246;195;187;land;false;mountain;1
1842;211;166;160;land;false;mountain;7
1843;199;199;195;land;false;desert;4
1844;192;148;211;land;false;plains;2
1845;92;254;222;land;false;plains;2
1846;226;229;224;land;false;mountain;4
1847;200;118;235;land;false;mountain;1
1848;253;119;252;land;false;mountain;4
1849;78;223;234;land;false;mountain;3
1850;233;87;245;land;false;mountain;1
1851;86;217;245;land;true;forest;2
1852;211;243;220;land;false;plains;5
1853;211;247;67;land;false;plains;1
1854;115;233;174;land;false;desert;4
1855;232;128;215;land;true;plains;4
1856;219;217;254;land;false;jungle;4
1857;253;248;95;land;false;forest;2
1858;103;193;246;land;false;desert;4
1859;241;178;140;land;false;mountain;2
1860;227;191;209;land;false;mountain;7
1861;171;169;235;land;false;plains;1
1862;232;152;155;land;false;desert;4
1863;177;175;176;land;false;mountain;4
1864;218;83;253;land;true;mountain;4
1865;96;252;239;land;true;desert;5
1866;183;185;151;land;false;desert;4
1867;237;148;209;land;false;forest;1
1868;101;214;208;land;true;mountain;4
1869;161;124;252;land;false;mountain;5
1870;161;227;209;land;false;mountain;7
1871;218;143;251;land;true;plains;6
1872;228;249;134;land;false;mountain;1
1873;198;237;87;land;false;mountain;2
1874;158;191;216;land;false;plains;2
1875;190;178;235;land;false;desert;4
1876;178;161;162;land;false;jungle;4
1877;206;234;235;land;true;plains;2
1878;202;179;177;land;false;desert;4
1879;168;127;254;land;false;forest;1
1880;251;224;254;land;false;jungle;4
1881;135;203;216;land;false;plains;1
1882;80;232;226;land;false;jungle;4
1883;204;159;186;land;true;plains;2
1884;171;239;248;land;false;mountain;1
1885;146;211;194;land;false;plains;2
1886;215;247;69;land;false;forest;2
1887;147;123;248;land;true;forest;3
1888;228;84;191;land;false;plains;2
1889;200;196;147;land;false;mountain;4
1890;173;206;215;land;false;forest;2
1891;175;193;202;land;false;desert;4
1892;236;86;194;land;true;desert;4
1893;232;205;189;land;false;desert;4
1894;153;195;164;land;false;mountain;2
1895;241;239;247;land;false;mountain;1
1896;162;220;229;land;false;mountain;2
1897;222;209;100;land;false;desert;4
1898;225;127;234;land;false;mountain;4
1899;196;224;109;land;false;desert;4
1900;246;30;234;land;false;jungle;4
1901;153;220;149;land;false;desert;4
1902;158;213;248;land;false;mountain;1
1903;188;114;241;land;false;mountain;2
1904;215;91;227;land;false;mountain;4
1905;127;235;139;land;false;desert;4
1906;104;217;190;land;false;mountain;4
1907;212;238;118;land;false;desert;4
1908;171;206;208;land;false;mountain;5
1909;248;222;192;land;false;mountain;1
1910;245;230;115;land;false;forest;1
1911;167;214;241;land;true;mountain;4
1912;141;224;170;land;false;plains;1
1913;189;243;194;land;false;mountain;1
1914;161;187;233;land;true;plains;6
1915;251;178;161;land;false;plains;1
1916;223;247;132;land;false;jungle;4
1917;242;53;243;land;false;mountain;2
1918;213;189;109;land;false;mountain;4
1919;171;125;212;land;false;mountain;4
1920;127;217;233;land;false;desert;4
1921;220;86;230;land;false;mountain;2
1922;183;197;171;land;false;marsh;2
1923;136;233;172;land;false;plains;2
1924;128;211;214;land;true;forest;3
1925;169;111;224;land;true;plains;4
1926;138;241;242;land;false;mountain;5
1927;75;225;249;land;false;plains;2
1928;228;245;222;land;false;mountain;4
1929;156;218;173;land;false;mountain;2
1930;233;102;241;land;true;plains;6
1931;191;147;210;land;false;desert;4
1932;134;187;203;land;false;plains;2
1933;196;120;222;land;false;mountain;1
1934;228;178;208;land;false;mountain;1
1935;144;188;204;land;false;desert;4
1936;235;194;127;land;false;mountain;2
1937;208;106;201;land;false;forest;5
1938;131;219;222;land;false;plains;1
1939;216;157;220;land;false;forest;1
1940;250;156;177;land;false;jungle;4
1941;253;96;230;land;true;mountain;2
1942;164;238;220;land;false;jungle;4
1943;237;153;149;land;true;mountain;4
1944;113;189;209;land;false;mountain;4
1945;214;217;229;land;false;desert;4
1946;175;184;145;land;false;forest;2
1947;184;251;218;land;false;forest;1
1948;122;231;246;land;false;mountain;4
1949;220;254;35;land;false;mountain;2
1950;90;248;182;land;false;jungle;4
1951;245;149;182;land;false;plains;2
1952;226;211;223;land;false;plains;2
1953;244;131;152;land;false;jungle;4
1954;179;73;250;land;true;mountain;3
1955;224;253;248;land;false;forest;2
1956;158;229;238;land;false;desert;4
1957;247;251;172;land;false;mountain;4
1958;253;146;230;land;true;forest;7
1959;240;226;110;land;false;mountain;5
1960;228;231;42;land;true;plains;6
1961;179;165;227;land;false;mountain;4
1962;211;214;249;land;false;forest;2
1963;188;231;241;land;false;forest;2
1964;218;58;236;land;false;mountain;4
1965;222;130;193;land;false;plains;1
1966;212;75;219;land;false;forest;2
1967;154;181;217;land;true;forest;8
1968;203;106;219;land;true;plains;3
1969;195;136;211;land;true;mountain;3
1970;212;198;106;land;true;forest;3
1971;202;231;146;land;true;plains;2
1972;169;234;236;land;false;mountain;4
1973;249;137;195;land;false;jungle;4
1974;249;121;147;land;true;desert;4
1975;170;190;183;land;false;forest;2
1976;101;156;248;land;false;hills;2
1977;155;247;211;land;false;mountain;4
1978;178;128;206;land;false;mountain;2
1979;135;161;220;land;false;mountain;4
1980;73;231;223;land;true;desert;4
1981;227;253;24;land;false;desert;4
1982;227;251;33;land;false;desert;4
1983;200;206;125;land;false;mountain;4
1984;246;144;209;land;false;forest;2
1985;196;132;251;land;false;plains;1
1986;181;130;248;land;false;mountain;4
1987;86;176;245;land;false;desert;4
1988;209;200;111;land;false;mountain;1
1989;164;169;180;land;false;mountain;4
1990;248;210;113;land;false;mountain;4
1991;190;214;175;land;false;jungle;4
1992;253;227;93;land;false;mountain;2
1993;232;183;206;land;false;mountain;4
1994;161;198;157;land;false;mountain;1
1995;245;212;174;land;true;mountain;4
1996;247;242;132;land;false;mountain;1
1997;177;230;199;land;false;plains;1
1998;247;231;235;land;false;mountain;1
1999;238;116;151;land;false;hills;2
2000;172;219;202;land;false;mountain;4
2001;239;90;211;land;false;forest;2
2002;85;177;253;land;false;mountain;5
2003;195;132;235;land;true;plains;2
2004;121;204;253;land;false;plains;2
2005;215;200;232;land;false;forest;1
2006;200;185;188;land;true;forest;2
2007;224;252;124;land;false;forest;7
2008;189;174;205;land;false;forest;1
2009;156;212;165;land;false;jungle;4
2010;237;227;142;land;false;jungle;4
2011;247;81;232;land;false;jungle;4
2012;215;199;194;land;false;forest;5
2013;110;223;195;land;false;mountain;4
2014;185;249;128;land;false;mountain;1
2015;221;147;160;land;false;hills;2
2016;174;139;192;land;true;plains;7
2017;205;142;166;land;false;mountain;4
2018;243;247;120;land;true;desert;7
2019;174;242;115;land;false;desert;4
2020;241;200;146;land;false;mountain;7
2021;196;248;193;land;false;plains;2
2022;230;37;246;land;false;mountain;4
2023;164;192;199;land;false;desert;4
2024;131;232;158;land;false;plains;2
2025;197;243;177;land;false;desert;4
2026;47;214;246;land;true;plains;5
2027;242;190;125;land;true;mountain;1
2028;162;167;240;land;false;forest;3
2029;152;232;220;land;true;plains;6
2030;251;220;180;land;true;plains;5
2031;197;241;231;land;false;mountain;4
2032;126;254;185;land;false;plains;1
2033;233;251;220;land;false;mountain;7
2034;244;197;75;land;false;jungle;4
2035;168;185;212;land;false;forest;7
2036;128;173;222;land;false;desert;4
2037;168;141;219;land;false;jungle;4
2038;174;167;235;land;true;forest;2
2039;89;176;248;land;false;plains;2
2040;125;206;223;land;false;jungle;4
2041;238;251;151;land;true;plains;2
2042;75;218;251;land;false;forest;2
2043;158;167;188;land;false;desert;4
2044;230;137;231;land;false;desert;4
2045;193;151;168;land;false;hills;2
2046;253;245;140;land;false;desert;4
2047;214;159;130;land;false;forest;1
2048;163;191;234;land;false;plains;1
2049;254;233;41;land;true;plains;2
2050;195;235;126;land;false;desert;4
2051;100;235;240;land;false;desert;4
2052;221;202;194;land;true;plains;6
2053;236;119;158;land;false;mountain;1
2054;224;157;245;land;false;mountain;1
2055;170;201;223;land;false;jungle;4
2056;224;236;41;land;false;forest;1
2057;254;212;195;land;false;mountain;2
2058;185;214;248;land;true;plains;2
2059;241;149;150;land;false;mountain;1
2060;178;241;129;land;false;mountain;2
2061;248;205;191;land;false;forest;1
2062;254;228;46;land;true;jungle;4
2063;229;145;151;land;false;hills;2
2064;177;196;253;land;true;jungle;4
2065;86;202;253;land;false;forest;7
2066;120;174;218;land;false;desert;4
2067;148;228;248;land;false;desert;4
2068;234;249;221;land;false;desert;4
2069;227;80;212;land;false;forest;1
2070;140;143;222;land;false;forest;7
2071;243;89;204;land;false;jungle;4
2072;176;235;198;land;false;desert;4
2073;233;132;228;land;true;desert;4
2074;236;122;243;land;false;jungle;4
2075;194;223;161;land;false;forest;1
2076;197;247;71;land;false;desert;4
2077;148;226;154;land;false;forest;1
2078;82;244;184;land;false;desert;4
2079;178;145;209;land;false;plains;2
2080;224;122;170;land;false;jungle;4
2081;226;173;242;land;true;desert;4
2082;156;252;187;land;false;forest;2
2083;223;200;236;land;false;plains;1
2084;219;197;201;land;false;mountain;2
2085;251;80;178;land;false;forest;1
2086;217;157;194;land;false;forest;5
2087;102;189;242;land;false;desert;4
2088;243;239;152;land;false;mountain;4
2089;126;215;252;land;false;plains;1
2090;250;140;116;land;false;mountain;4
2091;210;92;203;land;false;forest;2
2092;154;212;244;land;false;plains;2
2093;229;94;200;land;true;forest;3
2094;218;218;110;land;false;forest;1
2095;110;213;216;land;true;forest;2
2096;141;223;184;land;false;mountain;1
2097;216;199;139;land;false;jungle;4
2098;218;167;226;land;false;mountain;2
2099;252;97;196;land;false;desert;4
2100;218;39;254;land;false;forest;1
2101;232;123;172;land;true;forest;2
2102;190;192;245;land;false;desert;4
2103;211;194;177;land;false;desert;4
2104;254;186;172;land;true;plains;3
2105;114;232;200;land;false;mountain;4
2106;169;167;172;land;true;plains;3
2107;247;243;100;land;false;forest;1
2108;209;106;226;land;false;desert;4
2109;135;253;237;land;false;forest;7
2110;219;69;213;land;false;desert;4
2111;163;219;199;land;false;mountain;4
2112;214;213;170;land;false;plains;2
2113;215;123;182;land;true;desert;4
2114;229;241;53;land;true;desert;4
2115;186;212;222;land;true;mountain;1
2116;161;189;189;land;false;desert;4
2117;114;168;220;land;true;plains;2
2118;35;251;232;land;true;mountain;2
2119;250;206;84;land;false;desert;4
2120;180;129;216;land;false;mountain;4
2121;115;155;237;land;false;forest;4
2122;249;131;202;land;false;plains;1
2123;241;118;146;land;false;mountain;4
2124;135;166;211;land;false;mountain;2
2125;204;175;252;land;false;plains;2
2126;167;105;245;land;true;plains;3
2127;243;215;161;land;false;plains;2
2128;178;181;169;land;true;plains;3
2129;245;245;91;land;false;mountain;2
2130;125;207;187;land;false;mountain;1
2131;218;221;236;land;false;plains;2
2132;139;136;242;land;false;forest;1
2133;220;170;228;land;true;desert;4
2134;171;121;226;land;false;desert;4
2135;225;216;227;land;true;plains;3
2136;244;178;243;land;false;forest;1
2137;252;219;42;land;false;mountain;3
2138;149;223;164;land;false;mountain;4
2139;164;200;187;land;true;forest;3
2140;156;142;223;land;true;desert;4
2141;239;235;62;land;false;plains;5
2142;232;154;232;land;true;desert;4
2143;132;211;165;land;false;desert;4
2144;62;252;253;land;true;forest;3
2145;189;117;205;land;true;forest;7
2146;101;254;244;land;false;desert;4
2147;151;192;244;land;true;marsh;2
2148;164;170;214;land;false;hills;6
2149;134;225;248;land;false;mountain;2
2150;156;164;228;land;false;mountain;1
2151;118;198;221;land;false;plains;2
2152;210;250;62;land;false;forest;2
2153;181;157;175;land;false;jungle;4
2154;247;203;206;land;true;plains;5
2155;236;191;148;land;false;forest;2
2156;170;164;228;land;false;jungle;4
2157;178;155;173;land;false;jungle;4
2158;236;99;238;land;true;forest;3
2159;162;188;243;land;false;forest;7
2160;195;225;121;land;true;plains;5
2161;193;158;252;land;false;desert;4
2162;216;183;143;land;false;mountain;1
2163;202;142;226;land;false;mountain;2
2164;207;147;228;land;true;desert;4
2165;112;180;239;land;false;mountain;2
2166;199;249;232;land;false;jungle;4
2167;235;180;225;land;false;jungle;4
2168;107;175;249;land;false;mountain;5
2169;79;214;210;land;true;plains;6
2170;248;172;128;land;false;hills;2
2171;228;240;208;land;false;desert;4
2172;218;165;223;land;false;plains;1
2173;226;207;201;land;false;plains;1
2174;231;166;142;land;true;plains;6
2175;213;125;173;land;false;jungle;4
2176;238;96;249;land;false;mountain;4
2177;182;177;245;land;false;desert;4
2178;220;193;133;land;false;mountain;7
2179;215;164;172;land;false;jungle;4
2180;151;149;209;land;false;desert;4
2181;207;190;214;land;false;plains;2
2182;246;216;193;land;false;marsh;2
2183;107;219;221;land;false;forest;5
2184;177;179;146;land;false;mountain;4
2185;245;216;212;land;false;forest;1
2186;210;133;172;land;true;forest;3
2187;230;223;52;land;true;hills;6
2188;139;236;192;land;false;mountain;1
2189;222;164;144;land;false;mountain;4
2190;139;211;213;land;false;jungle;4
2191;167;215;136;land;false;mountain;4
2192;106;150;246;land;false;mountain;2
2193;179;111;218;land;false;mountain;4
2194;152;211;161;land;false;plains;2
2195;137;206;171;land;false;desert;4
2196;166;237;217;land;true;plains;5
2197;66;200;241;land;false;mountain;4
2198;139;206;158;land;false;jungle;4
2199;253;119;146;land;false;hills;2
2200;196;183;125;land;false;mountain;4
2201;186;233;163;land;false;mountain;4
2202;217;196;94;land;false;mountain;2
2203;248;243;227;land;false;jungle;4
2204;205;183;161;land;false;desert;4
2205;206;125;201;land;false;mountain;4
2206;27;243;234;land;false;mountain;4
2207;214;242;162;land;false;forest;1
2208;226;166;135;land;true;plains;3
2209;194;145;209;land;true;plains;7
2210;215;71;253;land;false;mountain;2
2211;58;246;204;land;false;plains;1
2212;230;186;214;land;false;mountain;2
2213;209;111;238;land;false;forest;1
2214;150;170;248;land;false;mountain;2
2215;59;243;250;land;false;mountain;4
2216;196;170;162;land;false;forest;2
2217;179;100;232;land;true;jungle;4
2218;226;215;215;land;false;desert;4
2219;46;251;238;land;false;hills;2
2220;254;175;82;land;false;mountain;1
2221;156;231;251;land;false;mountain;4
2222;226;165;157;land;false;forest;1
2223;216;213;92;land;true;forest;3
2224;237;200;127;land;false;plains;2
2225;111;224;234;land;true;plains;7
2226;153;225;236;land;false;mountain;1
2227;243;160;150;land;true;mountain;2
2228;252;152;183;land;false;jungle;4
2229;209;136;204;land;false;forest;5
2230;108;242;196;land;false;mountain;2
2231;156;212;212;land;false;mountain;5
2232;212;79;219;land;false;mountain;4
2233;236;172;192;land;true;forest;3
2234;181;246;227;land;false;forest;2
2235;220;207;141;land;false;jungle;4
2236;133;204;242;land;false;mountain;4
2237;178;219;194;land;true;forest;3
2238;239;85;235;land;false;marsh;2
2239;248;198;66;land;false;jungle;4
2240;156;237;242;land;false;forest;5
2241;243;173;124;land;false;jungle;4
2242;166;163;247;land;false;desert;4
2243;231;44;228;land;false;mountain;4
2244;45;250;215;land;false;plains;5
2245;238;97;222;land;false;mountain;4
2246;219;244;183;land;false;plains;1
2247;206;199;175;land;false;desert;4
2248;254;190;180;land;false;mountain;2
2249;182;246;182;land;false;marsh;2
2250;182;240;234;land;false;mountain;2
2251;253;187;253;land;false;mountain;2
2252;252;197;170;land;false;mountain;4
2253;232;117;165;land;true;plains;2
2254;238;90;249;land;false;mountain;7
2255;131;211;205;land;false;desert;4
2256;207;169;160;land;false;plains;2
2257;176;179;180;land;false;mountain;5
2258;243;182;103;land;false;mountain;7
2259;182;235;137;land;false;mountain;2
2260;221;251;184;land;false;desert;4
2261;237;187;222;land;false;mountain;4
2262;175;146;214;land;false;plains;1
2263;208;155;196;land;false;plains;1
2264;150;178;230;land;false;marsh;2
2265;153;210;247;land;false;mountain;5
2266;186;89;254;land;false;plains;2
2267;222;191;177;land;true;desert;4
2268;198;135;220;land;false;mountain;4
2269;139;214;179;land;false;plains;2
2270;224;205;230;land;true;plains;3
2271;182;202;184;land;false;desert;4
2272;173;159;214;land;false;marsh;2
2273;138;181;197;land;false;mountain;2
2274;247;89;252;land;false;forest;1
2275;220;196;154;land;true;plains;2
2276;169;208;198;land;false;mountain;2
2277;106;224;246;land;false;hills;2
2278;239;208;243;land;false;desert;4
2279;206;202;220;land;true;plains;2
2280;235;235;69;land;true;plains;3
2281;221;204;93;land;false;mountain;1
2282;249;56;228;land;false;desert;4
2283;160;253;123;land;true;plains;6
2284;204;235;145;land;false;mountain;2
2285;47;214;249;land;false;forest;7
2286;235;234;249;land;false;mountain;2
2287;190;136;183;land;false;forest;2
2288;188;228;111;land;true;plains;3
2289;220;132;218;land;false;mountain;1
2290;248;226;165;land;false;jungle;4
2291;216;141;201;land;false;mountain;4
2292;226;202;130;land;true;jungle;4
2293;166;187;241;land;false;mountain;4
2294;163;211;145;land;false;plains;1
2295;146;197;250;land;false;jungle;4
2296;163;239;167;land;false;mountain;2
2297;247;93;163;land;false;mountain;4
2298;239;158;238;land;false;desert;4
2299;245;120;158;land;false;mountain;4
2300;127;226;169;land;false;mountain;3
2301;182;241;245;land;false;forest;2
2302;200;165;156;land;false;jungle;4
2303;252;181;186;land;true;plains;2
2304;238;248;242;land;false;mountain;2
2305;104;228;201;land;false;plains;1
2306;219;233;125;land;false;desert;4
2307;143;248;149;land;true;mountain;1
2308;198;224;141;land;true;jungle;4
2309;89;249;223;land;false;plains;2
2310;167;119;237;land;false;forest;1
2311;94;211;224;land;false;mountain;2
2312;175;137;207;land;true;mountain;4
2313;205;208;155;land;false;mountain;1
2314;226;157;250;land;false;hills;2
2315;249;169;200;land;false;desert;4
2316;218;216;105;land;false;hills;2
2317;229;233;186;land;false;forest;1
2318;166;238;153;land;false;mountain;2
2319;138;249;250;land;false;forest;1
2320;233;192;125;land;false;forest;1
2321;185;79;240;land;false;jungle;4
2322;196;180;236;land;true;mountain;2
2323;161;239;121;land;false;mountain;5
2324;222;117;233;land;false;mountain;5
2325;133;222;164;land;false;plains;7
2326;234;181;111;land;false;desert;4
2327;109;252;168;land;false;mountain;2
2328;214;224;216;land;false;mountain;1
2329;239;218;100;land;true;plains;3
2330;94;231;187;land;false;jungle;4
2331;214;177;161;land;true;forest;5
2332;139;190;173;land;false;jungle;4
2333;217;215;125;land;false;mountain;4
2334;44;240;231;land;false;forest;1
2335;180;181;214;land;false;plains;1
2336;153;233;185;land;true;plains;5
2337;236;223;253;land;false;jungle;4
2338;199;173;153;land;false;desert;4
2339;127;178;229;land;false;plains;1
2340;180;117;239;land;false;desert;4
2341;173;127;221;land;false;desert;4
2342;234;151;147;land;false;mountain;4
2343;160;233;115;land;false;forest;5
2344;145;246;151;land;false;mountain;4
2345;203;154;219;land;true;mountain;3
2346;206;210;245;land;false;mountain;1
2347;110;189;232;land;false;jungle;4
2348;154;209;240;land;false;forest;2
2349;199;201;123;land;false;mountain;1
2350;251;238;188;land;false;jungle;4
2351;234;179;221;land;false;forest;2
2352;208;234;134;land;false;mountain;4
2353;199;218;240;land;false;mountain;4
2354;249;95;169;land;false;mountain;2
2355;249;179;139;land;false;desert;4
2356;138;167;243;land;false;plains;2
2357;147;252;161;land;false;desert;4
2358;167;230;180;land;false;jungle;4
2359;189;192;228;land;false;mountain;4
2360;94;199;223;land;false;mountain;4
2361;233;220;105;land;false;mountain;4
2362;225;130;217;land;false;marsh;2
2363;201;214;127;land;false;hills;2
2364;204;210;143;land;false;mountain;2
2365;110;240;221;land;true;plains;2
2366;244;132;244;land;false;mountain;4
2367;229;221;52;land;false;jungle;4
2368;196;173;190;land;false;plains;7
2369;139;236;140;land;true;plains;7
2370;242;224;49;land;false;mountain;4
2371;206;59;241;land;false;mountain;4
2372;241;178;148;land;false;mountain;4
2373;184;239;86;land;false;jungle;4
2374;201;85;240;land;true;forest;3
2375;201;160;225;land;false;jungle;4
2376;50;246;239;land;false;plains;1
2377;200;248;230;land;false;mountain;2
2378;178;184;164;land;false;forest;2
2379;210;252;208;land;true;mountain;1
2380;184;150;245;land;true;forest;3
2381;180;166;215;land;false;mountain;3
2382;140;129;250;land;false;forest;2
2383;228;239;92;land;false;plains;2
2384;246;116;145;land;false;mountain;4
2385;193;250;175;land;false;desert;4
2386;223;211;82;land;false;forest;5
2387;104;214;225;land;false;mountain;4
2388;216;93;228;land;false;forest;7
2389;239;156;130;land;false;mountain;2
2390;208;181;112;land;false;jungle;4
2391;220;136;157;land;false;mountain;1
2392;254;198;190;land;false;hills;2
2393;110;252;254;land;true;desert;4
2394;204;218;136;land;true;desert;4
2395;104;182;227;land;false;jungle;4
2396;50;230;224;land;false;mountain;3
2397;104;214;226;land;false;mountain;2
2398;181;173;240;land;false;forest;1
2399;171;175;221;land;false;mountain;4
2400;242;253;142;land;false;mountain;2
2401;178;130;212;land;false;mountain;4
2402;222;239;46;land;false;hills;2
2403;160;202;208;land;false;plains;1
2404;240;223;59;land;false;mountain;2
2405;187;218;254;land;false;mountain;4
2406;231;242;250;land;false;desert;4
2407;245;18;241;land;false;forest;7
2408;212;187;112;land;false;mountain;4
2409;194;231;103;land;true;jungle;4
2410;107;245;192;land;false;mountain;4
2411;77;222;229;land;false;jungle;4
2412;175;206;229;land;false;plains;2
2413;200;253;189;land;true;plains;2
2414;138;248;252;land;false;mountain;2
2415;120;136;246;land;false;plains;1
2416;178;216;245;land;false;jungle;4
2417;232;240;172;land;false;plains;7
2418;212;198;212;land;false;mountain;1
2419;135;168;252;land;false;desert;4
2420;254;38;222;land;false;mountain;2
2421;234;178;101;land;false;desert;4
2422;147;187;182;land;false;mountain;2
2423;154;199;193;land;false;desert;4
2424;203;244;185;land;false;mountain;7
2425;191;165;192;land;false;mountain;1
2426;94;246;234;land;false;forest;2
2427;77;184;241;land;false;mountain;4
2428;217;215;208;land;false;mountain;2
2429;88;218;198;land;false;plains;1
2430;182;254;248;land;true;plains;7
2431;186;210;234;land;true;plains;2
2432;130;230;166;land;false;plains;1
2433;180;170;218;land;true;plains;7
2434;201;100;235;land;false;hills;2
2435;242;61;221;land;false;mountain;4
2436;243;218;119;land;false;mountain;4
2437;249;219;155;land;false;forest;2
2438;230;185;99;land;false;mountain;4
2439;219;57;244;land;false;urban;2
2440;186;101;243;land;false;mountain;2
2441;229;233;139;land;false;mountain;1
2442;197;209;223;land;false;forest;5
2443;238;45;238;land;false;mountain;4
2444;215;248;219;land;false;jungle;4
2445;239;227;205;land;false;hills;2
2446;148;143;228;land;false;plains;2
2447;216;253;89;land;true;mountain;1
2448;245;235;188;land;false;mountain;4
2449;191;249;92;land;true;mountain;1
2450;224;245;138;land;false;mountain;4
2451;212;126;215;land;false;desert;4
2452;250;173;115;land;false;jungle;4
2453;205;240;111;land;false;mountain;4
2454;207;198;250;land;false;mountain;5
2455;166;158;187;land;false;desert;4
2456;138;231;174;land;false;plains;1
2457;161;186;188;land;false;desert;4
2458;241;98;196;land;false;desert;4
2459;166;179;228;land;false;forest;5
2460;159;202;201;land;false;mountain;4
2461;252;234;250;land;false;forest;7
2462;241;239;225;land;true;forest;2
2463;242;236;224;land;true;desert;4
2464;178;173;243;land;false;jungle;4
2465;226;233;45;land;false;hills;2
2466;187;200;128;land;false;forest;1
2467;85;252;232;land;false;desert;4
2468;185;140;189;land;false;jungle;4
2469;152;235;202;land;false;forest;7
2470;181;251;251;land;false;plains;2
2471;251;98;171;land;false;jungle;4
2472;192;145;212;land;false;plains;2
2473;164;217;187;land;false;desert;4
2474;237;173;166;land;true;plains;3
2475;180;254;104;land;true;forest;3
2476;136;216;231;land;true;plains;3
2477;235;121;227;land;false;jungle;4
2478;114;247;252;land;false;plains;2
2479;236;29;241;land;true;plains;3
2480;206;160;220;land;false;hills;2
2481;232;140;239;land;true;plains;4
2482;227;198;202;land;true;mountain;3
2483;135;218;150;land;true;desert;4
2484;101;217;251;land;false;mountain;2
2485;200;167;174;land;true;plains;3
2486;180;246;142;land;false;mountain;1
2487;92;171;248;land;false;plains;2
2488;148;198;222;land;true;forest;4
2489;195;154;188;land;false;forest;1
2490;252;252;195;land;false;plains;2
2491;252;244;31;land;false;plains;1
2492;106;199;207;land;false;forest;2
2493;224;187;227;land;true;forest;2
2494;169;250;232;land;false;plains;1
2495;235;153;178;land;false;mountain;4
2496;250;123;143;land;true;plains;3
2497;182;186;204;land;true;plains;2
2498;245;245;127;land;false;plains;2
2499;245;239;24;land;false;mountain;1
2500;150;192;202;land;false;desert;4
2501;246;116;202;land;false;mountain;4
2502;216;147;190;land;false;jungle;4
2503;152;148;232;land;false;plains;2
2504;216;241;212;land;false;mountain;2
2505;196;201;204;land;false;mountain;1
2506;252;233;143;land;false;mountain;4
2507;117;168;229;land;false;hills;2
2508;153;229;185;land;false;desert;4
2509;84;224;227;land;false;mountain;1
2510;207;178;151;land;false;forest;2
2511;233;183;147;land;false;jungle;4
2512;75;240;210;land;false;desert;4
2513;142;214;196;land;true;plains;2
2514;172;169;248;land;false;jungle;4
2515;153;192;162;land;false;mountain;4
2516;224;239;137;land;false;desert;4
2517;215;240;50;land;false;jungle;4
2518;219;205;193;land;true;plains;2
2519;222;232;146;land;false;mountain;1
2520;174;211;242;land;false;plains;5
2521;230;155;251;land;false;mountain;2
2522;163;250;119;land;false;jungle;4
2523;203;253;221;land;true;mountain;4
2524;150;232;231;land;true;forest;1
2525;44;235;223;land;false;desert;4
2526;237;205;183;land;false;forest;7
2527;252;170;211;land;true;desert;4
2528;112;173;240;land;false;desert;4
2529;191;223;241;land;false;mountain;2
2530;249;71;253;land;true;plains;5
2531;240;246;118;land;true;plains;5
2532;176;99;231;land;false;plains;2
2533;91;209;238;land;false;desert;4
2534;94;224;244;land;false;plains;2
2535;246;173;245;land;false;mountain;4
2536;241;99;179;land;false;forest;1
2537;235;179;135;land;false;forest;2
2538;219;204;139;land;true;mountain;1
2539;235;173;135;land;false;jungle;4
2540;170;201;215;land;true;mountain;3
2541;181;216;175;land;false;desert;4
2542;243;244;111;land;false;mountain;1
2543;125;209;217;land;false;hills;2
2544;124;247;185;land;false;desert;4
2545;103;221;223;land;false;mountain;1
2546;199;82;253;land;true;plains;2
2547;201;186;186;land;false;mountain;4
2548;252;101;173;land;true;plains;3
2549;238;244;178;land;true;mountain;1
2550;175;182;193;land;false;plains;1
2551;231;176;241;land;false;mountain;2
2552;147;227;153;land;false;mountain;4
2553;239;190;105;land;true;plains;6
2554;197;230;107;land;false;mountain;2
2555;122;232;223;land;false;forest;2
2556;249;220;224;land;false;jungle;4
2557;191;170;218;land;true;plains;2
2558;73;216;229;land;true;desert;3
2559;211;233;127;land;true;jungle;4
2560;240;129;230;land;true;forest;3
2561;200;207;97;land;false;plains;2
2562;95;234;207;land;true;jungle;4
2563;251;20;250;land;false;mountain;7
2564;247;207;238;land;true;plains;4
2565;238;195;149;land;false;desert;4
2566;230;201;192;land;true;desert;4
2567;231;251;215;land;false;desert;4
2568;187;104;210;land;false;jungle;4
2569;180;138;213;land;false;mountain;2
2570;192;235;107;land;false;jungle;4
2571;40;246;238;land;false;jungle;4
2572;196;106;252;land;false;mountain;4
2573;247;248;44;land;false;mountain;4
2574;241;93;247;land;true;plains;2
2575;97;252;247;land;false;hills;2
2576;246;249;244;land;false;plains;7
2577;230;181;181;land;false;forest;2
2578;146;207;241;land;false;forest;5
2579;205;225;180;land;false;mountain;7
2580;148;248;202;land;false;mountain;1
2581;100;223;225;land;false;jungle;4
2582;218;79;224;land;false;plains;2
2583;233;199;207;land;false;hills;6
2584;196;163;239;land;false;mountain;4
2585;238;45;247;land;false;hills;2
2586;71;214;240;land;false;plains;2
2587;253;253;94;land;false;plains;2
2588;232;236;35;land;false;desert;4
2589;102;188;251;land;false;forest;1
2590;154;199;178;land;false;plains;2
2591;164;217;153;land;false;marsh;2
2592;56;226;235;land;false;jungle;4
2593;236;77;213;land;false;mountain;4
2594;182;133;196;land;false;mountain;1
2595;87;237;210;land;false;mountain;7
2596;250;172;210;land;false;plains;2
2597;240;29;244;land;true;plains;5
2598;235;190;221;land;false;forest;7
2599;179;159;213;land;true;plains;2
2600;236;212;76;land;false;mountain;4
2601;116;254;180;land;true;plains;2
2602;237;225;247;land;false;mountain;3
2603;71;218;232;land;false;mountain;3
2604;164;180;192;land;false;mountain;4
2605;162;126;231;land;true;plains;7
2606;159;150;230;land;false;jungle;4
2607;236;203;94;land;false;mountain;4
2608;241;183;161;land;false;forest;1
2609;172;254;76;land;true;forest;1
2610;238;169;121;land;false;jungle;4
2611;84;205;224;land;true;forest;3
2612;101;196;243;land;true;mountain;2
2613;158;237;203;land;false;mountain;4
2614;193;96;224;land;false;plains;2
2615;177;210;185;land;false;mountain;2
2616;239;251;148;land;false;plains;2
2617;222;236;145;land;true;plains;2
2618;77;235;201;land;true;jungle;4
2619;203;130;189;land;true;forest;3
2620;181;224;162;land;true;plains;3
2621;199;224;239;land;false;jungle;4
2622;231;206;75;land;false;mountain;1
2623;160;155;186;land;false;mountain;1
2624;184;155;239;land;false;mountain;4
2625;250;252;27;land;false;plains;4
2626;157;235;168;land;false;desert;4
2627;225;221;240;land;false;forest;1
2628;206;82;225;land;false;jungle;4
2629;217;241;196;land;false;jungle;4
2630;173;109;240;land;false;mountain;4
2631;170;122;250;land;false;mountain;4
2632;175;227;108;land;false;plains;1
2633;118;236;230;land;false;jungle;4
2634;133;134;241;land;false;desert;4
2635;121;254;140;land;false;mountain;1
2636;182;113;220;land;false;forest;1
2637;102;209;233;land;true;mountain;3
2638;224;228;119;land;false;mountain;4
2639;234;252;69;land;false;plains;2
2640;204;142;207;land;true;mountain;1
2641;132;159;228;land;false;mountain;4
2642;248;195;134;land;false;desert;4
2643;173;138;220;land;true;plains;6
2644;249;62;222;land;true;marsh;2
2645;188;203;228;land;true;plains;3
2646;227;63;228;land;false;forest;1
2647;165;252;108;land;false;mountain;3
2648;238;167;166;land;false;desert;4
2649;172;209;238;land;false;mountain;3
2650;127;236;209;land;false;mountain;2
2651;107;240;228;land;false;mountain;1
2652;217;121;170;land;false;forest;1
2653;186;234;228;land;true;mountain;1
2654;188;161;163;land;false;plains;1
2655;101;155;248;land;true;plains;3
2656;194;128;247;land;false;desert;4
2657;181;160;167;land;false;plains;1
2658;215;148;166;land;false;plains;1
2659;206;179;138;land;false;jungle;2
2660;198;225;200;land;true;desert;4
2661;160;254;132;land;false;plains;5
2662;230;127;232;land;true;plains;4
2663;158;210;223;land;true;forest;3
2664;200;214;235;land;false;forest;1
2665;109;217;221;land;false;forest;2
2666;202;251;122;land;false;plains;2
2667;237;216;80;land;false;plains;3
2668;218;78;224;land;false;desert;4
2669;254;184;132;land;false;forest;2
2670;243;185;233;land;false;forest;1
2671;127;182;221;land;false;mountain;1
2672;151;194;220;land;false;plains;1
2673;140;223;171;land;false;mountain;5
2674;251;166;218;land;false;jungle;4
2675;248;212;94;land;false;mountain;4
2676;213;176;179;land;false;forest;7
2677;245;22;246;land;false;jungle;4
2678;211;126;180;land;false;mountain;4
2679;254;246;225;land;true;forest;2
2680;207;245;58;land;false;jungle;4
2681;202;229;231;land;false;jungle;4
2682;212;247;62;land;false;plains;1
2683;224;210;243;land;false;desert;4
2684;239;212;88;land;false;mountain;4
2685;132;146;241;land;false;mountain;4
2686;141;220;224;land;false;desert;4
2687;176;220;247;land;false;mountain;4
2688;252;124;146;land;true;forest;3
2689;170;223;195;land;false;mountain;1
2690;245;250;234;land;false;marsh;2
2691;181;227;188;land;false;mountain;4
2692;191;191;127;land;false;forest;7
2693;229;145;188;land;false;marsh;2
2694;251;125;143;land;false;desert;4
2695;251;206;221;land;false;mountain;2
2696;236;221;68;land;false;desert;4
2697;131;242;135;land;false;mountain;4
2698;253;198;253;land;true;jungle;4
2699;193;226;128;land;false;hills;2
2700;212;141;187;land;true;desert;3
2701;234;153;243;land;true;forest;3
2702;124;177;202;land;false;forest;1
2703;226;148;185;land;false;mountain;4
2704;134;198;171;land;false;mountain;7
2705;245;202;56;land;false;hills;2
2706;174;238;177;land;false;mountain;4
2707;205;227;125;land;false;plains;2
2708;238;242;71;land;false;plains;1
2709;123;154;235;land;false;forest;2
2710;242;176;228;land;true;desert;4
2711;213;232;82;land;false;forest;2
2712;246;213;44;land;false;forest;2
2713;42;246;213;land;false;jungle;4
2714;185;192;228;land;true;plains;2
2715;135;152;242;land;false;desert;4
2716;223;212;169;land;false;mountain;5
2717;221;136;254;land;false;desert;4
2718;147;193;251;land;true;plains;6
2719;99;211;199;land;false;desert;4
2720;143;224;176;land;false;forest;1
2721;233;244;119;land;false;hills;2
2722;158;161;235;land;true;plains;2
2723;209;208;231;land;false;mountain;5
2724;129;253;177;land;true;forest;3
2725;104;231;244;land;false;forest;1
2726;235;137;164;land;true;plains;5
2727;189;212;180;land;false;desert;4
2728;122;144;241;land;true;jungle;4
2729;103;218;252;land;false;mountain;2
2730;237;157;167;land;false;jungle;4
2731;239;222;175;land;true;plains;5
2732;166;167;204;land;false;forest;7
2733;225;248;75;land;false;jungle;4
2734;234;169;210;land;true;plains;2
2735;239;203;228;land;false;mountain;2
2736;176;244;241;land;false;jungle;4
2737;244;200;67;land;false;plains;2
2738;160;245;234;land;false;jungle;4
2739;178;87;250;land;false;mountain;1
2740;206;115;241;land;false;mountain;1
2741;247;42;236;land;false;marsh;2
2742;212;117;220;land;false;forest;7
2743;203;224;221;land;false;hills;6
2744;194;198;143;land;false;jungle;2
2745;126;144;244;land;false;desert;4
2746;221;187;125;land;false;plains;1
2747;212;254;147;land;true;plains;5
2748;232;68;250;land;false;forest;5
2749;209;215;199;land;false;mountain;4
2750;218;195;174;land;false;marsh;2
2751;201;197;112;land;false;jungle;4
2752;119;181;204;land;false;mountain;2
2753;194;83;247;land;false;plains;2
2754;253;124;159;land;true;forest;4
2755;253;152;203;land;false;desert;4
2756;219;153;197;land;false;forest;2
2757;147;224;139;land;false;mountain;4
2758;251;229;67;land;false;mountain;1
2759;181;251;134;land;false;forest;2
2760;88;222;220;land;false;forest;1
2761;231;228;184;land;true;forest;3
2762;143;238;124;land;false;hills;2
2763;194;201;132;land;false;mountain;2
2764;100;183;252;land;false;mountain;4
2765;151;163;215;land;false;jungle;4
2766;205;248;71;land;true;desert;4
2767;254;223;104;land;false;jungle;4
2768;162;105;243;land;true;plains;5
2769;218;254;72;land;false;mountain;2
2770;133;172;225;land;false;mountain;4
2771;212;254;76;land;false;mountain;1
2772;249;162;173;land;false;mountain;4
2773;185;230;134;land;false;mountain;1
2774;234;183;185;land;true;plains;5
2775;143;200;241;land;false;jungle;4
2776;244;183;160;land;true;plains;2
2777;210;156;154;land;false;hills;6
2778;244;235;191;land;true;marsh;2
2779;165;245;149;land;false;mountain;1
2780;229;105;183;land;false;mountain;1
2781;221;128;210;land;true;desert;4
2782;242;182;190;land;true;plains;5
2783;203;243;246;land;false;jungle;4
2784;254;216;150;land;false;mountain;1
2785;85;242;186;land;false;forest;2
2786;222;207;208;land;false;jungle;4
2787;180;165;222;land;true;plains;6
2788;170;111;248;land;false;mountain;2
2789;169;240;129;land;false;mountain;1
2790;129;222;163;land;true;plains;5
2791;177;234;227;land;false;mountain;1
2792;252;161;179;land;false;forest;2
2793;222;223;184;land;false;jungle;4
2794;146;161;221;land;true;plains;2
2795;232;219;140;land;true;plains;4
2796;248;225;114;land;false;forest;1
2797;197;147;235;land;true;plains;2
2798;217;236;241;land;false;desert;4
2799;224;115;176;land;false;plains;1
2800;233;221;114;land;false;mountain;2
2801;199;231;112;land;true;jungle;4
2802;200;187;213;land;false;mountain;4
2803;226;184;94;land;true;jungle;4
2804;48;247;229;land;true;plains;3
2805;216;175;185;land;false;jungle;4
2806;158;205;220;land;false;mountain;2
2807;199;182;244;land;false;desert;4
2808;250;248;62;land;false;mountain;4
2809;184;195;248;land;false;mountain;1
2810;162;222;160;land;false;hills;2
2811;148;162;232;land;false;forest;5
2812;74;198;239;land;false;plains;2
2813;112;194;244;land;true;plains;2
2814;210;139;197;land;true;mountain;1
2815;219;169;203;land;false;mountain;1
2816;205;231;167;land;true;plains;2
2817;207;224;142;land;true;mountain;1
2818;81;253;198;land;false;mountain;1
2819;228;196;222;land;false;mountain;4
2820;245;188;216;land;false;mountain;1
2821;216;201;103;land;false;plains;2
2822;208;253;45;land;true;urban;2
2823;220;174;245;land;true;forest;3
2824;212;195;216;land;false;mountain;2
2825;237;234;170;land;true;plains;3
2826;236;252;23;land;true;plains;2
2827;206;238;177;land;false;desert;4
2828;232;234;173;land;false;forest;1
2829;191;149;244;land;true;mountain;3
2830;252;195;163;land;false;mountain;4
2831;241;222;62;land;false;mountain;2
2832;243;99;210;land;false;jungle;4
2833;146;205;253;land;true;plains;5
2834;232;205;172;land;true;mountain;4
2835;211;192;252;land;true;plains;5
2836;236;237;116;land;true;desert;7
2837;230;230;149;land;true;plains;5
2838;162;225;210;land;false;plains;5
2839;235;197;205;land;true;plains;7
2840;204;132;166;land;true;plains;7
2841;105;222;181;land;true;plains;7
2842;244;223;56;land;false;forest;5
2843;215;197;146;land;true;plains;7
2844;226;186;156;land;false;forest;5
2845;168;228;121;land;false;mountain;5
2846;53;241;244;land;false;mountain;5
2847;211;210;199;land;true;plains;7
2848;209;173;153;land;false;mountain;5
2849;151;218;177;land;true;plains;7
2850;203;160;140;land;true;plains;7
2851;219;190;127;land;false;mountain;5
2852;192;241;181;land;true;plains;7
2853;132;182;192;land;true;plains;7
2854;250;215;163;land;true;forest;5
2855;187;158;244;land;true;forest;5
2856;235;247;233;land;false;forest;5
2857;177;210;191;land;false;mountain;7
2858;239;244;188;land;false;forest;5
2859;228;191;175;land;false;mountain;7
2860;253;129;234;land;false;plains;7
2861;164;237;241;land;false;plains;7
2862;208;234;147;land;true;forest;7
2863;249;193;166;land;false;forest;5
2864;166;175;189;land;false;plains;5
2865;254;52;208;land;true;forest;7
2866;162;151;195;land;false;plains;5
2867;119;231;158;land;true;plains;5
2868;245;248;144;land;true;plains;5
2869;231;208;176;land;false;forest;5
2870;178;249;199;land;false;forest;5
2871;216;104;194;land;false;forest;5
2872;159;237;202;land;true;forest;1
2873;113;252;210;land;true;plains;7
2874;87;249;197;land;true;forest;7
2875;186;221;230;land;true;forest;1
2876;224;122;214;land;true;forest;7
2877;153;206;155;land;false;forest;1
2878;251;176;81;land;false;forest;5
2879;220;103;198;land;true;plains;5
2880;193;192;172;land;false;plains;5
2881;239;217;49;land;false;forest;5
2882;224;231;49;land;true;forest;7
2883;223;143;243;land;true;mountain;7
2884;139;205;222;land;false;mountain;5
2885;166;160;196;land;false;mountain;7
2886;254;123;183;land;false;mountain;5
2887;232;66;210;land;false;forest;5
2888;223;169;167;land;true;plains;5
2889;238;178;119;land;false;plains;1
2890;249;173;116;land;false;plains;1
2891;253;142;200;land;true;plains;5
2892;176;198;224;land;true;plains;5
2893;246;96;242;land;false;forest;7
2894;109;145;251;land;false;forest;7
2895;138;175;224;land;false;forest;7
2896;170;183;253;land;false;forest;7
2897;236;217;116;land;false;forest;7
2898;157;194;151;land;false;mountain;1
2899;117;249;249;land;false;mountain;1
2900;185;92;241;land;false;plains;5
2901;186;131;247;land;true;mountain;1
2902;200;207;111;land;false;mountain;5
2903;253;92;223;land;false;mountain;7
2904;165;142;235;land;false;plains;1
2905;160;205;208;land;false;mountain;1
2906;121;179;225;land;false;plains;7
2907;208;243;164;land;false;plains;1
2908;245;120;249;land;false;plains;1
2909;241;249;84;land;false;mountain;1
2910;244;250;55;land;false;plains;1
2911;132;132;244;land;false;plains;1
2912;125;247;204;land;false;mountain;1
2913;186;245;165;land;false;mountain;1
2914;244;210;63;land;false;mountain;5
2915;111;208;251;land;false;mountain;1
2916;210;129;166;land;true;mountain;1
2917;146;220;236;land;true;mountain;1
2918;213;62;239;land;false;plains;1
2919;206;117;210;land;false;plains;1
2920;129;135;245;land;false;mountain;1
2921;84;250;240;land;false;plains;1
2922;208;176;122;land;true;mountain;1
2923;203;218;192;land;false;plains;1
2924;61;250;206;land;true;plains;1
2925;143;133;226;land;false;mountain;1
2926;206;197;183;land;false;mountain;1
2927;192;188;173;land;false;mountain;1
2928;170;198;150;land;false;mountain;5
2929;160;213;134;land;false;mountain;1
2930;175;179;147;land;false;mountain;1
2931;210;203;139;land;true;mountain;1
2932;252;157;193;land;false;mountain;1
2933;87;254;229;land;false;plains;1
2934;214;245;185;land;false;plains;1
2935;210;191;126;land;false;mountain;1
2936;251;235;40;land;false;mountain;1
2937;68;216;233;land;false;plains;1
2938;51;227;245;land;false;mountain;1
2939;164;141;232;land;false;plains;1
2940;133;155;232;land;false;mountain;1
2941;248;117;168;land;false;mountain;1
2942;241;120;190;land;false;mountain;1
2943;155;244;209;land;false;mountain;1
2944;146;151;232;land;false;plains;1
2945;155;249;131;land;false;mountain;1
2946;212;161;220;land;false;plains;1
2947;209;203;153;land;false;plains;1
2948;197;140;208;land;false;mountain;1
2949;227;243;165;land;false;mountain;1
2950;169;227;239;land;true;plains;5
2951;122;181;227;land;false;mountain;1
2952;127;244;250;land;false;plains;1
2953;188;220;104;land;true;mountain;1
2954;208;229;72;land;false;mountain;1
2955;219;74;210;land;false;plains;1
2956;164;133;233;land;false;mountain;1
2957;140;116;246;land;false;mountain;1
2958;127;187;191;land;false;plains;1
2959;227;95;244;land;false;plains;1
2960;156;179;176;land;true;plains;1
2961;234;107;207;land;false;plains;1
2962;223;152;216;land;false;mountain;1
2963;142;236;181;land;false;plains;1
2964;213;198;104;land;false;plains;1
2965;79;231;217;land;false;plains;1
2966;201;238;109;land;false;plains;1
2967;97;245;195;land;false;plains;1
2968;239;63;215;land;false;mountain;1
2969;136;177;246;land;false;plains;1
2970;128;211;254;land;false;plains;1
2971;201;153;168;land;false;plains;1
2972;55;237;254;land;false;plains;1
2973;187;82;243;land;false;mountain;1
2974;193;159;213;land;false;mountain;1
2975;247;224;172;land;false;mountain;1
2976;236;154;156;land;false;plains;1
2977;240;175;126;land;false;plains;1
2978;244;180;156;land;false;mountain;1
2979;173;252;145;land;false;mountain;1
2980;157;194;220;land;false;mountain;1
2981;229;240;68;land;false;mountain;1
2982;239;185;109;land;false;mountain;1
2983;251;253;175;land;true;forest;7
2984;240;253;163;land;false;plains;1
2985;108;172;240;land;true;plains;1
2986;113;252;179;land;false;plains;1
2987;213;243;211;land;false;plains;1
2988;150;201;247;land;false;mountain;1
2989;219;218;72;land;true;plains;5
2990;161;228;247;land;false;plains;1
2991;163;111;237;land;false;plains;1
2992;105;209;217;land;false;mountain;1
2993;166;250;107;land;false;plains;1
2994;179;208;166;land;false;mountain;1
2995;194;183;223;land;false;forest;5
2996;168;197;163;land;false;mountain;1
2997;212;91;203;land;false;mountain;1
2998;182;134;212;land;true;plains;1
2999;231;191;125;land;false;mountain;1
3000;198;179;151;land;false;mountain;1
3001;136;238;160;land;false;plains;1
3002;252;106;211;land;false;plains;1
3003;108;224;189;land;false;plains;1
3004;200;78;235;land;false;plains;1
3005;225;247;180;land;false;mountain;1
3006;127;217;180;land;false;plains;1
3007;223;124;179;land;false;mountain;1
3008;120;208;182;land;true;plains;1
3009;228;252;222;land;false;plains;1
3010;158;189;220;land;false;plains;1
3011;223;189;215;land;false;mountain;5
3012;122;196;191;land;false;plains;1
3013;253;206;152;land;false;plains;1
3014;206;204;165;land;false;mountain;1
3015;132;236;172;land;true;plains;1
3016;193;239;108;land;false;plains;1
3017;237;246;52;land;false;plains;1
3018;240;179;240;land;false;plains;7
3019;204;187;216;land;false;plains;1
3020;205;192;203;land;false;mountain;1
3021;240;193;92;land;false;mountain;1
3022;254;238;62;land;false;forest;1
3023;251;112;184;land;true;forest;1
3024;62;230;221;land;false;forest;1
3025;246;199;153;land;false;plains;1
3026;62;209;232;land;false;mountain;1
3027;193;201;108;land;false;plains;1
3028;254;199;144;land;false;plains;7
3029;185;164;166;land;false;mountain;1
3030;200;247;70;land;false;plains;1
3031;207;209;241;land;false;mountain;1
3032;192;222;118;land;false;plains;1
3033;55;254;244;land;false;plains;1
3034;178;161;236;land;true;plains;1
3035;221;250;154;land;true;plains;7
3036;171;252;211;land;false;forest;1
3037;252;229;245;land;false;forest;1
3038;186;166;156;land;false;mountain;1
3039;100;207;209;land;true;plains;7
3040;228;229;50;land;false;plains;1
3041;162;210;252;land;false;mountain;1
3042;189;82;249;land;false;plains;7
3043;144;126;232;land;false;plains;1
3044;211;166;206;land;false;plains;1
3045;236;106;228;land;false;plains;7
3046;245;240;174;land;false;mountain;1
3047;235;182;213;land;false;plains;1
3048;212;108;245;land;false;plains;1
3049;114;235;161;land;false;plains;1
3050;237;252;114;land;false;mountain;1
3051;249;67;185;land;false;mountain;1
3052;206;246;104;land;false;mountain;1
3053;253;203;146;land;false;plains;1
3054;80;179;252;land;true;plains;7
3055;183;133;195;land;false;plains;1
3056;248;166;160;land;false;plains;1
3057;135;218;248;land;false;mountain;1
3058;198;192;153;land;false;mountain;5
3059;244;231;180;land;false;plains;1
3060;209;97;231;land;false;mountain;1
3061;145;189;210;land;false;mountain;1
3062;245;169;184;land;false;mountain;1
3063;228;233;191;land;false;mountain;1
3064;205;227;232;land;false;plains;2
3065;221;196;99;land;false;mountain;1
3066;108;172;233;land;false;plains;1
3067;65;216;229;land;false;mountain;1
3068;241;169;233;land;false;mountain;1
3069;165;234;154;land;false;mountain;2
3070;241;233;122;land;false;plains;2
3071;144;251;129;land;false;plains;1
3072;180;212;156;land;false;plains;1
3073;214;119;204;land;false;mountain;1
3074;199;206;216;land;false;plains;1
3075;245;207;194;land;false;plains;1
3076;245;217;147;land;false;mountain;1
3077;228;171;192;land;false;mountain;1
3078;245;239;51;land;false;mountain;1
3079;163;152;217;land;false;mountain;1
3080;110;165;249;land;false;forest;1
3081;247;169;254;land;false;plains;2
3082;177;233;193;land;false;mountain;1
3083;186;140;240;land;true;mountain;1
3084;230;215;121;land;false;mountain;1
3085;168;205;188;land;false;plains;1
3086;201;181;224;land;false;plains;1
3087;221;219;120;land;false;plains;1
3088;245;61;247;land;false;plains;2
3089;173;225;189;land;false;mountain;1
3090;251;173;231;land;false;mountain;1
3091;92;232;224;land;false;plains;1
3092;133;240;242;land;false;plains;1
3093;243;122;218;land;false;plains;1
3094;163;205;195;land;false;mountain;1
3095;249;115;190;land;false;forest;1
3096;222;238;67;land;false;mountain;1
3097;122;187;241;land;false;mountain;1
3098;137;216;163;land;true;plains;2
3099;244;192;244;land;true;plains;1
3100;237;239;227;land;false;mountain;1
3101;203;219;88;land;false;plains;2
3102;163;250;158;land;false;mountain;1
3103;61;227;220;land;false;plains;2
3104;144;163;234;land;false;plains;1
3105;167;218;149;land;false;plains;1
3106;218;227;103;land;false;mountain;1
3107;182;212;208;land;false;mountain;1
3108;153;252;106;land;false;forest;2
3109;86;207;234;land;false;mountain;1
3110;252;224;218;land;false;plains;1
3111;238;159;211;land;false;plains;1
3112;181;143;206;land;false;forest;1
3113;228;201;180;land;false;mountain;1
3114;205;156;212;land;false;plains;1
3115;250;238;238;land;false;urban;1
3116;168;168;232;land;false;plains;2
3117;243;37;221;land;false;forest;1
3118;202;218;168;land;false;plains;2
3119;55;251;250;land;false;mountain;1
3120;225;204;138;land;false;plains;2
3121;221;139;221;land;false;plains;1
3122;194;180;199;land;false;plains;1
3123;218;172;128;land;false;forest;1
3124;96;218;241;land;false;mountain;1
3125;74;240;199;land;false;mountain;1
3126;185;229;118;land;false;plains;2
3127;192;113;235;land;false;mountain;1
3128;223;132;227;land;false;mountain;1
3129;192;95;238;land;false;plains;1
3130;149;134;224;land;false;forest;1
3131;202;254;50;land;false;mountain;1
3132;246;16;248;land;false;plains;1
3133;235;224;81;land;false;mountain;5
3134;178;219;227;land;false;forest;5
3135;166;170;204;land;false;mountain;1
3136;210;190;113;land;false;forest;1
3137;233;166;177;land;false;plains;2
3138;154;126;225;land;false;forest;1
3139;215;141;156;land;false;mountain;1
3140;97;200;206;land;false;forest;1
3141;155;229;242;land;false;forest;1
3142;158;254;225;land;false;plains;2
3143;204;147;171;land;false;mountain;1
3144;233;191;240;land;false;mountain;1
3145;182;213;191;land;false;forest;1
3146;73;241;231;land;false;forest;1
3147;126;244;146;land;false;plains;2
3148;191;242;91;land;false;plains;1
3149;152;179;235;land;false;plains;1
3150;143;248;168;land;false;forest;1
3151;143;219;252;land;false;forest;1
3152;186;188;160;land;false;forest;1
3153;162;234;123;land;false;plains;2
3154;189;96;235;land;false;plains;2
3155;252;145;197;land;false;mountain;1
3156;247;172;87;land;false;forest;1
3157;58;207;240;land;false;plains;1
3158;136;206;171;land;false;forest;1
3159;116;174;223;land;false;mountain;2
3160;230;151;203;land;false;plains;2
3161;127;234;246;land;false;forest;1
3162;110;236;164;land;false;plains;1
3163;251;226;224;land;true;forest;1
3164;209;92;209;land;false;mountain;1
3165;155;200;173;land;false;forest;1
3166;93;244;186;land;false;forest;1
3167;244;103;235;land;false;forest;1
3168;184;80;242;land;false;forest;1
3169;95;249;180;land;false;plains;2
3170;53;236;251;land;false;mountain;2
3171;198;236;225;land;false;plains;2
3172;100;188;229;land;false;forest;1
3173;182;249;130;land;false;forest;1
3174;149;195;237;land;false;forest;1
3175;97;223;204;land;false;forest;1
3176;193;251;119;land;false;forest;1
3177;127;224;222;land;true;forest;1
3178;224;171;253;land;true;plains;2
3179;248;216;122;land;false;plains;1
3180;107;205;239;land;false;forest;1
3181;136;212;193;land;true;plains;5
3182;243;251;53;land;false;plains;2
3183;201;232;154;land;false;mountain;5
3184;222;215;129;land;false;forest;1
3185;181;143;211;land;false;forest;1
3186;212;250;153;land;false;mountain;2
3187;232;211;108;land;false;forest;1
3188;250;96;221;land;false;mountain;1
3189;164;232;209;land;false;marsh;2
3190;62;223;227;land;false;forest;1
3191;231;221;114;land;false;marsh;2
3192;160;253;134;land;false;plains;2
3193;158;188;229;land;false;mountain;1
3194;166;129;240;land;false;forest;1
3195;191;199;119;land;false;forest;1
3196;186;76;245;land;false;marsh;2
3197;166;217;196;land;false;forest;1
3198;205;224;221;land;false;mountain;2
3199;203;92;216;land;false;forest;1
3200;219;237;232;land;false;forest;1
3201;123;225;249;land;true;plains;2
3202;198;212;138;land;false;plains;2
3203;213;87;208;land;false;mountain;2
3204;221;214;208;land;false;forest;1
3205;246;177;233;land;true;forest;1
3206;219;223;116;land;false;plains;2
3207;120;224;206;land;false;forest;1
3208;243;93;187;land;false;marsh;2
3209;26;251;229;land;false;mountain;1
3210;172;168;236;land;false;mountain;1
3211;114;191;254;land;false;forest;1
3212;164;200;252;land;false;forest;1
3213;119;184;226;land;false;plains;1
3214;165;244;203;land;false;forest;1
3215;178;219;181;land;false;forest;1
3216;242;129;155;land;false;marsh;2
3217;222;144;152;land;false;mountain;2
3218;236;250;110;land;true;forest;1
3219;244;137;247;land;true;plains;2
3220;185;235;173;land;false;forest;1
3221;177;173;157;land;false;plains;1
3222;159;242;190;land;false;marsh;2
3223;183;201;167;land;false;marsh;2
3224;187;234;251;land;false;mountain;2
3225;134;179;243;land;false;forest;1
3226;201;231;215;land;false;forest;1
3227;163;251;210;land;false;forest;1
3228;193;216;151;land;false;marsh;2
3229;149;229;175;land;false;forest;1
3230;210;235;140;land;false;mountain;1
3231;237;162;158;land;false;marsh;2
3232;214;224;233;land;false;plains;2
3233;224;232;180;land;false;plains;2
3234;197;196;235;land;false;forest;1
3235;180;226;239;land;false;forest;1
3236;206;183;203;land;true;plains;1
3237;193;157;184;land;false;plains;5
3238;246;201;234;land;true;plains;2
3239;130;206;243;land;false;marsh;2
3240;206;109;191;land;false;forest;1
3241;232;206;124;land;false;mountain;2
3242;34;236;246;land;false;plains;2
3243;235;42;239;land;false;forest;1
3244;244;40;232;land;true;forest;1
3245;159;207;176;land;false;forest;2
3246;219;201;126;land;false;forest;1
3247;243;118;145;land;false;forest;1
3248;150;223;183;land;false;mountain;2
3249;201;202;220;land;false;forest;1
3250;211;242;194;land;false;forest;1
3251;174;99;245;land;false;mountain;2
3252;243;205;126;land;false;forest;1
3253;215;159;140;land;false;forest;1
3254;181;252;231;land;false;plains;2
3255;174;204;214;land;false;mountain;2
3256;186;73;252;land;true;plains;2
3257;234;219;76;land;false;plains;2
3258;192;138;209;land;false;plains;2
3259;192;119;230;land;false;plains;2
3260;59;197;246;land;false;hills;6
3261;90;238;180;land;true;forest;2
3262;211;196;240;land;false;plains;2
3263;102;200;206;land;false;forest;1
3264;179;205;136;land;false;forest;1
3265;191;128;247;land;false;forest;5
3266;83;226;240;land;false;plains;2
3267;189;217;200;land;false;forest;1
3268;229;252;118;land;false;forest;1
3269;195;241;152;land;false;plains;1
3270;235;185;240;land;true;forest;8
3271;247;95;173;land;false;forest;2
3272;182;251;165;land;true;desert;4
3273;249;77;254;land;false;forest;1
3274;247;235;169;land;true;mountain;1
3275;187;247;232;land;false;forest;1
3276;238;212;191;land;false;forest;2
3277;162;204;242;land;false;mountain;2
3278;234;247;30;land;true;mountain;1
3279;207;162;172;land;false;forest;2
3280;228;210;196;land;true;plains;2
3281;129;231;233;land;false;plains;2
3282;163;223;179;land;false;forest;1
3283;196;214;243;land;false;plains;1
3284;248;31;245;land;true;forest;8
3285;213;178;242;land;false;forest;1
3286;232;223;180;land;false;forest;1
3287;208;247;249;land;false;mountain;2
3288;238;193;127;land;false;plains;2
3289;163;133;242;land;false;mountain;2
3290;170;153;252;land;false;mountain;2
3291;210;133;238;land;false;mountain;2
3292;144;160;231;land;false;forest;2
3293;176;187;252;land;false;plains;2
3294;168;226;107;land;false;mountain;2
3295;75;248;214;land;false;forest;1
3296;199;245;125;land;false;forest;1
3297;213;244;142;land;true;mountain;6
3298;244;217;148;land;false;mountain;2
3299;181;202;254;land;true;plains;2
3300;200;179;236;land;false;plains;1
3301;127;254;184;land;false;forest;1
3302;73;242;193;land;true;mountain;1
3303;74;224;253;land;true;plains;2
3304;75;217;225;land;false;forest;2
3305;218;226;246;land;false;forest;1
3306;239;244;114;land;false;mountain;1
3307;135;213;211;land;true;desert;4
3308;214;201;126;land;false;plains;1
3309;237;216;165;land;false;mountain;2
3310;252;213;183;land;false;plains;1
3311;137;159;211;land;false;forest;1
3312;206;238;119;land;false;plains;2
3313;213;162;229;land;false;plains;2
3314;247;192;82;land;false;plains;2
3315;230;218;144;land;false;forest;1
3316;144;245;227;land;true;plains;2
3317;238;167;148;land;true;plains;2
3318;244;137;165;land;false;mountain;2
3319;174;124;243;land;true;plains;2
3320;168;199;188;land;false;forest;2
3321;176;254;231;land;false;forest;1
3322;232;136;183;land;false;plains;2
3323;209;228;194;land;false;forest;2
3324;254;215;251;land;false;forest;1
3325;210;167;213;land;true;desert;4
3326;140;156;206;land;false;forest;2
3327;222;165;122;land;false;mountain;2
3328;108;226;226;land;false;mountain;1
3329;234;106;206;land;false;mountain;1
3330;135;226;159;land;true;mountain;1
3331;182;189;222;land;true;plains;2
3332;161;207;249;land;false;plains;2
3333;193;248;241;land;true;mountain;1
3334;176;91;240;land;false;forest;1
3335;41;252;227;land;false;mountain;2
3336;158;201;194;land;true;plains;2
3337;246;242;216;land;true;plains;2
3338;199;77;251;land;false;mountain;1
3339;248;231;41;land;false;forest;1
3340;182;204;151;land;true;forest;2
3341;238;235;178;land;false;forest;2
3342;248;235;253;land;false;plains;2
3343;233;180;88;land;false;plains;1
3344;189;189;136;land;true;plains;2
3345;166;161;184;land;false;forest;2
3346;216;179;119;land;false;plains;2
3347;248;196;194;land;false;forest;2
3348;158;229;158;land;true;plains;2
3349;179;191;228;land;false;plains;2
3350;194;137;250;land;false;mountain;1
3351;149;221;250;land;true;plains;2
3352;224;154;126;land;false;mountain;1
3353;254;154;213;land;false;mountain;1
3354;243;234;224;land;true;mountain;1
3355;244;236;167;land;true;plains;2
3356;159;232;234;land;false;mountain;5
3357;224;112;252;land;false;forest;5
3358;208;192;124;land;false;forest;1
3359;103;226;238;land;true;plains;2
3360;159;218;145;land;true;desert;4
3361;129;224;251;land;false;desert;4
3362;120;236;230;land;false;forest;2
3363;122;162;246;land;false;mountain;1
3364;204;145;198;land;false;mountain;1
3365;249;239;155;land;false;forest;2
3366;78;236;210;land;false;forest;1
3367;111;159;239;land;true;plains;2
3368;215;100;229;land;false;mountain;2
3369;165;249;175;land;false;plains;1
3370;91;239;190;land;false;mountain;1
3371;248;52;236;land;true;desert;4
3372;141;207;160;land;true;forest;2
3373;188;75;239;land;true;plains;2
3374;108;243;249;land;true;plains;2
3375;250;177;162;land;false;forest;1
3376;140;220;174;land;true;plains;2
3377;21;232;250;land;false;mountain;1
3378;186;243;168;land;true;plains;2
3379;234;130;200;land;false;forest;1
3380;234;195;163;land;false;desert;4
3381;239;193;183;land;true;plains;2
3382;141;184;245;land;false;mountain;1
3383;95;192;229;land;false;mountain;4
3384;210;157;137;land;false;mountain;1
3385;231;245;147;land;true;plains;2
3386;194;250;234;land;false;forest;1
3387;174;151;197;land;false;forest;1
3388;164;244;206;land;false;forest;1
3389;214;193;191;land;false;mountain;1
3390;152;176;247;land;true;desert;4
3391;176;247;251;land;false;forest;5
3392;208;166;242;land;false;mountain;1
3393;154;244;173;land;false;forest;1
3394;197;200;113;land;false;forest;2
3395;141;232;182;land;false;forest;2
3396;225;201;159;land;true;mountain;1
3397;190;181;167;land;false;mountain;1
3398;165;195;191;land;false;desert;4
3399;203;228;151;land;true;desert;4
3400;240;216;91;land;false;plains;2
3401;241;133;148;land;true;forest;2
3402;203;208;99;land;false;mountain;1
3403;254;128;177;land;false;forest;1
3404;234;246;128;land;true;plains;2
3405;235;97;184;land;false;mountain;1
3406;203;240;182;land;false;mountain;1
3407;93;243;251;land;false;plains;2
3408;101;199;232;land;false;forest;1
3409;224;217;66;land;false;plains;2
3410;232;215;127;land;false;forest;2
3411;188;243;161;land;true;plains;2
3412;239;93;171;land;true;plains;2
3413;252;249;21;land;false;forest;1
3414;220;197;223;land;false;mountain;1
3415;134;227;178;land;true;plains;5
3416;177;221;103;land;false;plains;2
3417;217;118;228;land;true;plains;2
3418;145;131;248;land;false;mountain;1
3419;239;116;234;land;true;desert;4
3420;227;120;189;land;false;mountain;2
3421;51;240;225;land;false;mountain;1
3422;242;131;153;land;false;mountain;1
3423;203;193;153;land;false;forest;1
3424;146;239;219;land;true;mountain;1
3425;249;250;22;land;false;mountain;2
3426;175;150;220;land;false;plains;2
3427;253;49;250;land;false;mountain;1
3428;119;164;230;land;false;forest;2
3429;173;246;241;land;true;plains;2
3430;229;199;173;land;false;plains;2
3431;231;205;89;land;false;desert;4
3432;64;241;251;land;false;plains;2
3433;198;242;240;land;false;mountain;1
3434;98;222;228;land;false;forest;1
3435;244;243;131;land;false;plains;2
3436;238;194;133;land;false;plains;2
3437;213;235;224;land;true;plains;2
3438;224;243;214;land;false;mountain;1
3439;233;192;112;land;true;plains;2
3440;150;232;172;land;false;mountain;1
3441;244;163;112;land;true;mountain;1
3442;220;162;242;land;false;forest;1
3443;128;245;191;land;true;mountain;1
3444;173;184;246;land;false;mountain;4
3445;174;185;214;land;true;plains;2
3446;182;183;200;land;false;mountain;1
3447;185;179;195;land;false;forest;2
3448;113;247;229;land;false;forest;2
3449;200;133;253;land;true;plains;2
3450;176;80;246;land;true;plains;2
3451;163;156;229;land;false;marsh;2
3452;208;167;194;land;false;mountain;1
3453;226;95;197;land;false;forest;2
3454;212;119;184;land;true;mountain;1
3455;253;231;152;land;true;plains;2
3456;184;131;186;land;true;mountain;1
3457;213;225;122;land;false;mountain;1
3458;54;236;231;land;false;plains;2
3459;112;230;231;land;false;desert;4
3460;243;144;231;land;true;plains;6
3461;52;254;216;land;false;mountain;1
3462;227;176;157;land;false;mountain;1
3463;220;224;205;land;false;plains;2
3464;247;157;192;land;true;plains;2
3465;251;245;125;land;false;mountain;1
3466;224;245;241;land;true;mountain;1
3467;138;239;152;land;false;mountain;2
3468;94;230;188;land;true;mountain;1
3469;227;121;186;land;false;mountain;4
3470;200;242;197;land;false;mountain;2
3471;118;234;167;land;true;plains;2
3472;143;247;173;land;false;mountain;1
3473;189;215;177;land;false;mountain;1
3474;228;84;246;land;false;mountain;1
3475;248;69;219;land;false;mountain;2
3476;153;253;131;land;false;forest;2
3477;235;177;97;land;false;mountain;2
3478;251;82;222;land;false;forest;2
3479;179;140;240;land;true;plains;2
3480;6;247;254;land;true;plains;2
3481;213;92;210;land;true;plains;2
3482;196;233;147;land;false;hills;6
3483;248;81;215;land;false;plains;2
3484;252;237;117;land;true;mountain;1
3485;210;234;201;land;true;mountain;1
3486;169;200;166;land;false;mountain;4
3487;240;161;167;land;false;mountain;1
3488;219;171;117;land;false;forest;2
3489;231;102;233;land;false;mountain;1
3490;138;247;252;land;false;mountain;4
3491;214;230;165;land;false;forest;2
3492;190;84;231;land;true;plains;2
3493;83;241;195;land;true;plains;2
3494;248;125;149;land;true;mountain;1
3495;69;229;208;land;true;plains;2
3496;207;161;218;land;false;mountain;1
3497;101;245;211;land;false;mountain;1
3498;79;251;217;land;false;mountain;2
3499;216;205;213;land;false;mountain;1
3500;177;131;224;land;true;mountain;1
3501;160;232;205;land;false;mountain;2
3502;149;219;192;land;true;plains;2
3503;251;195;182;land;true;plains;2
3504;180;218;248;land;false;mountain;1
3505;249;230;111;land;false;mountain;1
3506;143;217;182;land;false;mountain;2
3507;219;204;239;land;true;plains;2
3508;133;159;230;land;false;mountain;1
3509;179;131;211;land;true;mountain;4
3510;199;171;141;land;false;mountain;2
3511;235;71;206;land;false;plains;2
3512;201;249;211;land;false;forest;2
3513;204;231;80;land;true;plains;2
3514;237;162;197;land;false;plains;2
3515;219;160;221;land;true;plains;2
3516;171;221;133;land;true;plains;2
3517;143;234;152;land;false;mountain;1
3518;223;246;150;land;false;mountain;7
3519;152;182;204;land;false;mountain;2
3520;152;216;203;land;true;plains;2
3521;136;254;207;land;false;plains;2
3522;214;163;173;land;false;mountain;1
3523;242;163;214;land;true;mountain;1
3524;203;110;223;land;true;forest;7
3525;190;250;99;land;false;mountain;2
3526;154;207;236;land;false;forest;2
3527;90;254;159;land;false;mountain;2
3528;181;186;138;land;false;mountain;1
3529;235;251;31;land;false;forest;7
3530;193;218;222;land;false;forest;2
3531;247;251;99;land;true;plains;2
3532;204;209;109;land;false;forest;2
3533;108;231;183;land;false;mountain;1
3534;75;220;240;land;false;mountain;4
3535;220;185;109;land;false;mountain;4
3536;190;109;202;land;false;mountain;2
3537;172;223;189;land;false;mountain;2
3538;239;34;254;land;false;mountain;2
3539;104;178;242;land;false;plains;2
3540;120;225;160;land;true;plains;2
3541;130;251;229;land;true;mountain;1
3542;250;172;179;land;false;desert;4
3543;236;176;141;land;false;mountain;7
3544;233;78;194;land;true;plains;2
3545;249;179;112;land;true;plains;2
3546;153;206;173;land;false;mountain;1
3547;143;233;156;land;false;mountain;2
3548;122;240;159;land;false;plains;2
3549;156;246;210;land;false;mountain;7
3550;229;193;247;land;false;mountain;2
3551;239;184;120;land;false;plains;2
3552;165;195;184;land;false;mountain;2
3553;214;215;234;land;false;plains;2
3554;226;173;148;land;false;mountain;1
3555;251;233;112;land;false;mountain;1
3556;243;216;175;land;false;mountain;1
3557;234;235;236;land;false;mountain;2
3558;240;172;169;land;false;mountain;4
3559;165;187;163;land;false;desert;4
3560;244;28;236;land;true;desert;4
3561;211;131;213;land;false;forest;2
3562;231;162;110;land;false;plains;2
3563;195;172;245;land;false;mountain;1
3564;106;213;217;land;false;mountain;7
3565;135;151;249;land;false;plains;2
3566;188;150;239;land;true;marsh;2
3567;178;214;199;land;false;mountain;1
3568;152;143;225;land;false;mountain;1
3569;125;238;163;land;false;mountain;1
3570;246;35;220;land;false;forest;2
3571;156;138;241;land;false;mountain;7
3572;238;152;213;land;false;plains;2
3573;223;236;141;land;true;plains;2
3574;143;184;253;land;false;mountain;2
3575;101;241;250;land;false;mountain;2
3576;251;91;167;land;false;mountain;1
3577;236;195;93;land;true;desert;4
3578;150;189;247;land;false;mountain;7
3579;235;195;179;land;false;forest;2
3580;251;226;146;land;false;mountain;2
3581;187;229;176;land;false;mountain;7
3582;253;246;249;land;false;mountain;2
3583;238;108;211;land;true;plains;2
3584;227;237;208;land;false;mountain;1
3585;214;115;225;land;false;mountain;1
3586;243;228;31;land;false;plains;2
3587;254;223;125;land;true;plains;2
3588;143;209;210;land;false;mountain;1
3589;200;226;180;land;false;hills;6
3590;227;116;211;land;false;forest;2
3591;137;229;183;land;false;mountain;2
3592;219;236;173;land;false;forest;2
3593;181;251;159;land;false;mountain;1
3594;188;188;202;land;true;plains;2
3595;254;222;197;land;false;plains;2
3596;188;78;239;land;false;mountain;2
3597;163;210;206;land;true;plains;2
3598;130;248;125;land;false;mountain;2
3599;208;98;246;land;false;forest;7
3600;237;203;251;land;false;plains;2
3601;104;251;252;land;true;plains;2
3602;240;158;253;land;false;desert;4
3603;8;251;247;land;false;mountain;1
3604;201;230;130;land;false;mountain;1
3605;226;86;199;land;false;mountain;1
3606;220;157;240;land;false;mountain;1
3607;193;206;228;land;true;forest;7
3608;181;244;233;land;false;mountain;7
3609;205;104;252;land;false;plains;2
3610;231;189;180;land;false;mountain;1
3611;224;67;217;land;false;desert;4
3612;121;212;173;land;true;plains;2
3613;226;73;235;land;false;mountain;1
3614;162;176;237;land;false;mountain;7
3615;162;247;235;land;false;plains;2
3616;91;252;168;land;false;mountain;2
3617;155;185;216;land;false;plains;2
3618;74;240;213;land;true;plains;2
3619;232;220;229;land;false;mountain;2
3620;251;136;253;land;false;forest;7
3621;208;233;119;land;true;forest;2
3622;188;247;248;land;false;mountain;6
3623;187;185;215;land;false;mountain;1
3624;238;112;224;land;false;forest;2
3625;135;147;233;land;false;plains;2
3626;240;210;182;land;false;forest;7
3627;173;225;180;land;false;forest;2
3628;212;180;238;land;false;plains;2
3629;237;101;201;land;false;mountain;2
3630;167;224;147;land;false;mountain;2
3631;172;173;160;land;false;mountain;1
3632;121;162;228;land;false;mountain;7
3633;128;188;187;land;false;mountain;2
3634;88;238;203;land;false;mountain;2
3635;151;217;209;land;true;forest;2
3636;206;106;215;land;false;mountain;2
3637;173;239;169;land;false;mountain;1
3638;118;226;179;land;false;mountain;7
3639;90;214;245;land;false;mountain;7
3640;232;177;251;land;false;forest;7
3641;160;242;203;land;false;plains;2
3642;197;241;128;land;false;mountain;2
3643;78;197;231;land;true;plains;2
3644;249;102;224;land;true;mountain;1
3645;238;224;98;land;true;forest;4
3646;242;222;56;land;false;forest;2
3647;177;223;157;land;true;plains;2
3648;177;149;250;land;false;mountain;1
3649;88;219;251;land;true;mountain;1
3650;169;245;204;land;false;mountain;7
3651;110;247;208;land;false;forest;2
3652;212;251;121;land;false;forest;4
3653;211;195;193;land;false;mountain;2
3654;251;199;210;land;false;hills;2
3655;242;235;82;land;false;mountain;1
3656;169;124;227;land;false;mountain;2
3657;230;248;254;land;false;mountain;2
3658;173;231;174;land;false;forest;7
3659;4;253;248;land;false;forest;7
3660;244;156;244;land;false;mountain;1
3661;198;134;250;land;false;mountain;2
3662;196;121;195;land;true;forest;2
3663;246;231;190;land;false;mountain;1
3664;224;253;216;land;false;mountain;1
3665;141;218;188;land;false;mountain;1
3666;159;219;213;land;false;desert;4
3667;194;187;230;land;false;desert;4
3668;216;235;241;land;true;plains;7
3669;209;146;186;land;false;forest;7
3670;244;170;234;land;false;mountain;2
3671;41;244;241;land;false;mountain;2
3672;169;188;157;land;true;mountain;1
3673;75;196;245;land;false;forest;7
3674;213;200;92;land;false;plains;2
3675;156;133;241;land;true;forest;2
3676;183;131;230;land;true;plains;2
3677;145;191;240;land;false;mountain;1
3678;236;141;231;land;true;mountain;1
3679;228;168;186;land;true;desert;4
3680;38;245;219;land;false;mountain;4
3681;184;214;246;land;true;forest;4
3682;253;132;231;land;false;plains;2
3683;157;231;186;land;true;forest;2
3684;144;207;209;land;false;mountain;2
3685;188;133;253;land;false;mountain;4
3686;193;217;152;land;false;mountain;4
3687;249;192;123;land;false;jungle;2
3688;144;225;224;land;false;mountain;1
3689;200;223;95;land;false;desert;4
3690;248;194;168;land;false;forest;7
3691;177;196;162;land;false;forest;7
3692;206;116;193;land;true;forest;4
3693;223;240;192;land;false;mountain;2
3694;254;208;247;land;false;forest;2
3695;169;213;163;land;false;forest;2
3696;201;88;215;land;false;forest;7
3697;211;182;233;land;false;mountain;2
3698;177;150;241;land;false;plains;2
3699;222;112;191;land;false;hills;2
3700;211;207;226;land;false;desert;4
3701;244;248;154;land;true;forest;7
3702;119;253;188;land;false;forest;7
3703;196;175;130;land;false;forest;2
3704;202;250;230;land;true;mountain;1
3705;113;209;185;land;true;jungle;4
3706;207;104;190;land;false;forest;2
3707;227;67;247;land;false;mountain;1
3708;220;249;115;land;true;mountain;1
3709;214;238;111;land;false;mountain;2
3710;208;131;182;land;false;mountain;2
3711;248;220;216;land;false;plains;2
3712;196;154;195;land;false;mountain;2
3713;194;249;131;land;false;forest;2
3714;249;189;206;land;false;forest;7
3715;246;47;210;land;false;mountain;2
3716;147;222;239;land;false;hills;2
3717;63;213;239;land;false;forest;2
3718;219;132;228;land;true;plains;2
3719;203;252;102;land;false;mountain;2
3720;227;248;76;land;false;mountain;2
3721;191;101;230;land;false;mountain;4
3722;127;194;240;land;false;mountain;4
3723;218;100;186;land;false;marsh;2
3724;238;155;231;land;false;forest;7
3725;244;227;211;land;false;mountain;7
3726;246;63;207;land;false;forest;4
3727;174;204;198;land;false;plains;2
3728;177;146;245;land;false;plains;2
3729;198;213;146;land;false;mountain;2
3730;174;244;214;land;true;mountain;1
3731;205;220;177;land;true;mountain;1
3732;190;199;183;land;false;forest;7
3733;204;227;170;land;true;mountain;1
3734;130;207;183;land;false;forest;7
3735;148;233;120;land;false;forest;2
3736;179;215;147;land;true;forest;2
3737;41;244;240;land;false;mountain;7
3738;194;99;253;land;false;forest;2
3739;208;251;250;land;true;forest;2
3740;96;251;221;land;false;forest;2
3741;199;143;199;land;true;desert;4
3742;220;100;186;land;false;mountain;4
3743;128;247;130;land;false;forest;7
3744;231;101;192;land;false;forest;7
3745;228;189;175;land;true;mountain;4
3746;229;184;167;land;false;mountain;2
3747;196;101;210;land;false;forest;2
3748;238;186;205;land;false;desert;4
3749;243;130;163;land;true;jungle;4
3750;158;156;250;land;false;mountain;2
3751;252;138;199;land;false;plains;2
3752;246;117;204;land;false;plains;2
3753;177;197;155;land;false;plains;2
3754;238;145;180;land;true;plains;2
3755;185;163;195;land;true;jungle;4
3756;132;228;145;land;false;plains;2
3757;231;231;134;land;false;plains;2
3758;245;249;8;land;false;forest;7
3759;169;180;177;land;false;forest;7
3760;203;174;199;land;false;mountain;4
3761;132;225;204;land;false;mountain;2
3762;195;184;186;land;false;forest;2
3763;251;222;184;land;false;plains;7
3764;216;160;142;land;false;mountain;4
3765;225;39;242;land;false;plains;2
3766;108;210;184;land;false;plains;2
3767;221;249;162;land;false;forest;7
3768;246;194;79;land;true;jungle;4
3769;219;227;56;land;false;jungle;4
3770;153;164;215;land;false;mountain;2
3771;203;149;241;land;false;forest;2
3772;200;187;144;land;false;plains;2
3773;113;226;201;land;true;mountain;1
3774;174;197;228;land;false;forest;7
3775;230;221;107;land;false;forest;2
3776;243;45;216;land;true;mountain;1
3777;222;231;168;land;false;mountain;7
3778;236;115;248;land;false;forest;2
3779;219;175;214;land;false;mountain;4
3780;183;161;211;land;false;forest;7
3781;231;119;191;land;false;forest;7
3782;144;177;215;land;false;jungle;4
3783;161;187;171;land;true;forest;7
3784;220;165;170;land;false;forest;7
3785;225;194;120;land;false;forest;7
3786;249;202;213;land;true;jungle;4
3787;243;243;103;land;true;mountain;4
3788;213;183;231;land;false;mountain;2
3789;179;137;203;land;false;plains;2
3790;159;221;134;land;false;desert;4
3791;202;205;123;land;true;jungle;4
3792;189;250;146;land;false;mountain;2
3793;171;221;220;land;false;mountain;4
3794;166;249;207;land;false;jungle;4
3795;250;225;231;land;false;mountain;2
3796;231;223;189;land;false;mountain;2
3797;225;111;240;land;false;forest;2
3798;129;154;248;land;false;plains;2
3799;167;128;220;land;true;forest;2
3800;224;166;228;land;false;mountain;4
3801;233;210;96;land;true;jungle;4
3802;87;241;246;land;false;mountain;2
3803;128;239;218;land;false;forest;2
3804;249;154;199;land;false;forest;2
3805;204;230;207;land;false;forest;2
3806;254;29;220;land;false;plains;7
3807;167;225;175;land;false;mountain;4
3808;217;185;152;land;false;mountain;4
3809;202;188;135;land;false;forest;2
3810;218;190;148;land;false;marsh;2
3811;139;148;239;land;true;plains;2
3812;104;216;237;land;false;mountain;4
3813;193;108;203;land;false;forest;2
3814;237;18;254;land;false;jungle;4
3815;248;170;212;land;false;forest;2
3816;87;234;219;land;false;desert;4
3817;250;177;220;land;false;forest;7
3818;216;239;204;land;false;jungle;4
3819;201;168;170;land;false;plains;2
3820;173;159;221;land;true;forest;2
3821;212;184;196;land;true;jungle;4
3822;201;183;246;land;true;mountain;4
3823;174;246;169;land;false;mountain;7
3824;87;251;204;land;false;forest;2
3825;239;244;199;land;true;mountain;6
3826;112;196;219;land;false;desert;4
3827;219;56;232;land;false;forest;7
3828;227;125;189;land;true;jungle;4
3829;139;195;192;land;false;mountain;2
3830;237;244;249;land;false;forest;2
3831;222;252;42;land;false;forest;2
3832;88;250;221;land;false;marsh;2
3833;57;198;252;land;false;mountain;4
3834;150;183;223;land;true;jungle;4
3835;144;209;170;land;false;jungle;4
3836;171;157;217;land;true;jungle;4
3837;230;251;91;land;true;mountain;4
3838;243;220;46;land;false;jungle;4
3839;213;130;231;land;false;forest;2
3840;119;164;239;land;true;plains;2
3841;161;177;235;land;false;plains;2
3842;103;224;249;land;true;jungle;4
3843;147;200;170;land;false;forest;7
3844;22;234;248;land;false;mountain;4
3845;193;159;152;land;false;mountain;2
3846;193;231;129;land;false;forest;7
3847;195;249;159;land;false;mountain;7
3848;107;207;237;land;false;mountain;2
3849;153;148;248;land;false;marsh;2
3850;196;193;138;land;false;jungle;4
3851;239;150;145;land;false;jungle;4
3852;166;234;144;land;false;mountain;2
3853;215;43;253;land;false;forest;2
3854;193;171;195;land;false;forest;2
3855;215;54;253;land;true;jungle;4
3856;130;227;149;land;false;mountain;2
3857;203;169;246;land;false;plains;2
3858;239;153;166;land;false;mountain;4
3859;237;206;58;land;true;jungle;4
3860;254;55;222;land;false;mountain;2
3861;196;202;142;land;false;forest;2
3862;146;241;200;land;true;jungle;4
3863;236;235;192;land;false;jungle;4
3864;244;188;74;land;false;jungle;4
3865;238;186;215;land;false;forest;7
3866;248;47;243;land;false;mountain;2
3867;91;214;245;land;false;marsh;2
3868;130;153;244;land;false;mountain;4
3869;215;198;111;land;false;forest;7
3870;115;201;239;land;false;mountain;2
3871;103;215;216;land;false;desert;4
3872;142;190;177;land;true;jungle;4
3873;204;107;204;land;false;jungle;4
3874;236;44;239;land;false;plains;7
3875;170;185;187;land;false;jungle;4
3876;25;242;247;land;false;mountain;4
3877;200;171;219;land;false;mountain;2
3878;186;220;251;land;false;mountain;2
3879;122;229;174;land;false;hills;2
3880;126;217;250;land;true;plains;2
3881;232;222;86;land;false;forest;2
3882;111;210;232;land;false;mountain;2
3883;217;160;125;land;false;mountain;2
3884;209;253;229;land;false;mountain;2
3885;242;219;223;land;true;marsh;2
3886;216;107;202;land;false;jungle;4
3887;165;180;197;land;true;jungle;4
3888;246;76;194;land;true;jungle;4
3889;130;191;232;land;false;mountain;2
3890;142;183;187;land;false;desert;4
3891;244;39;244;land;false;mountain;4
3892;242;103;228;land;true;mountain;4
3893;177;140;214;land;true;mountain;4
3894;228;201;212;land;false;jungle;4
3895;41;236;229;land;false;mountain;2
3896;200;190;194;land;false;jungle;4
3897;223;70;242;land;false;plains;7
3898;207;125;233;land;false;forest;2
3899;174;186;145;land;false;marsh;2
3900;111;237;206;land;false;jungle;4
3901;106;230;166;land;false;jungle;4
3902;253;48;233;land;false;plains;2
3903;230;217;219;land;true;urban;2
3904;186;189;180;land;true;jungle;4
3905;250;152;132;land;true;mountain;4
3906;221;233;238;land;false;jungle;4
3907;160;242;147;land;true;marsh;2
3908;239;199;225;land;false;mountain;4
3909;62;236;204;land;false;plains;2
3910;187;146;226;land;true;forest;2
3911;182;155;231;land;true;plains;2
3912;147;243;216;land;false;desert;4
3913;229;208;249;land;false;mountain;4
3914;175;199;244;land;false;plains;2
3915;223;80;214;land;false;jungle;4
3916;228;240;186;land;false;mountain;2
3917;224;28;249;land;false;mountain;2
3918;252;130;147;land;false;mountain;4
3919;139;149;253;land;false;jungle;4
3920;239;207;230;land;false;mountain;2
3921;212;122;218;land;true;forest;2
3922;99;214;252;land;false;forest;2
3923;217;243;219;land;false;plains;2
3924;199;254;113;land;false;plains;2
3925;165;166;174;land;false;plains;2
3926;250;148;134;land;false;jungle;4
3927;85;210;245;land;false;mountain;4
3928;199;127;233;land;false;jungle;4
3929;254;186;219;land;true;jungle;4
3930;237;65;205;land;false;plains;2
3931;145;201;161;land;false;jungle;4
3932;47;229;249;land;false;jungle;4
3933;253;130;157;land;false;desert;4
3934;99;228;228;land;false;jungle;4
3935;175;172;154;land;false;mountain;4
3936;241;226;168;land;false;mountain;2
3937;217;134;167;land;false;mountain;2
3938;251;97;163;land;false;jungle;4
3939;196;251;123;land;false;marsh;2
3940;217;75;250;land;false;mountain;4
3941;104;183;228;land;false;mountain;2
3942;121;220;234;land;false;marsh;2
3943;247;110;158;land;false;desert;4
3944;254;132;170;land;false;mountain;2
3945;155;191;157;land;false;mountain;2
3946;242;223;197;land;true;forest;2
3947;150;208;175;land;false;jungle;4
3948;214;149;248;land;false;jungle;4
3949;253;130;189;land;false;mountain;4
3950;158;229;166;land;false;plains;2
3951;241;248;79;land;false;plains;2
3952;190;145;231;land;false;jungle;4
3953;250;94;176;land;false;hills;2
3954;201;252;90;land;false;plains;2
3955;144;192;182;land;true;forest;2
3956;244;248;13;land;false;mountain;4
3957;237;169;244;land;false;jungle;4
3958;233;193;196;land;false;marsh;2
3959;233;238;221;land;false;mountain;4
3960;104;221;188;land;false;jungle;4
3961;107;167;228;land;true;plains;6
3962;174;240;129;land;false;mountain;4
3963;133;228;168;land;false;mountain;4
3964;179;95;236;land;true;mountain;4
3965;251;167;126;land;false;jungle;4
3966;129;222;231;land;false;mountain;2
3967;164;232;119;land;false;plains;2
3968;170;216;221;land;false;marsh;2
3969;179;183;163;land;false;mountain;4
3970;110;232;221;land;false;jungle;4
3971;251;230;91;land;false;mountain;4
3972;75;246;193;land;false;mountain;4
3973;147;209;205;land;false;mountain;2
3974;225;215;62;land;false;hills;2
3975;203;250;63;land;false;jungle;4
3976;206;223;156;land;false;mountain;2
3977;247;181;184;land;true;forest;2
3978;214;152;219;land;false;desert;4
3979;78;231;234;land;false;mountain;4
3980;182;238;148;land;false;jungle;4
3981;128;232;222;land;false;plains;4
3982;220;130;230;land;false;jungle;4
3983;209;201;145;land;false;plains;2
3984;118;178;225;land;false;mountain;4
3985;162;229;235;land;false;mountain;4
3986;216;219;187;land;false;plains;4
3987;240;207;60;land;false;jungle;4
3988;223;138;149;land;false;mountain;4
3989;210;185;174;land;false;plains;2
3990;181;254;238;land;false;forest;2
3991;192;237;104;land;false;mountain;4
3992;185;240;198;land;false;hills;2
3993;222;211;190;land;true;forest;2
3994;243;210;148;land;false;hills;2
3995;211;253;39;land;false;plains;2
3996;201;131;190;land;false;mountain;2
3997;80;236;187;land;false;marsh;2
3998;107;183;245;land;false;jungle;4
3999;139;254;201;land;false;jungle;4
4000;197;160;149;land;false;forest;2
4001;239;183;229;land;false;mountain;4
4002;190;110;230;land;false;mountain;4
4003;112;217;181;land;false;jungle;4
4004;137;247;209;land;false;jungle;4
4005;243;212;160;land;false;marsh;2
4006;233;186;176;land;false;jungle;4
4007;151;180;248;land;false;mountain;4
4008;136;250;219;land;false;jungle;4
4009;218;207;169;land;false;mountain;4
4010;9;249;246;land;false;forest;2
4011;99;202;228;land;false;marsh;2
4012;136;222;168;land;false;mountain;4
4013;182;170;201;land;false;jungle;4
4014;107;240;169;land;false;jungle;4
4015;216;220;247;land;false;mountain;4
4016;168;196;153;land;false;jungle;4
4017;223;246;147;land;false;mountain;2
4018;151;202;204;land;false;forest;2
4019;228;70;246;land;false;mountain;4
4020;168;127;248;land;false;jungle;4
4021;139;222;234;land;false;jungle;4
4022;222;163;240;land;false;plains;2
4023;199;198;250;land;true;plains;2
4024;155;206;251;land;false;plains;2
4025;249;235;101;land;false;desert;4
4026;233;252;66;land;false;mountain;2
4027;237;195;194;land;true;forest;2
4028;219;202;146;land;false;desert;4
4029;104;228;181;land;false;mountain;4
4030;250;159;198;land;false;jungle;4
4031;214;163;144;land;false;mountain;4
4032;125;209;191;land;false;jungle;4
4033;182;199;138;land;false;mountain;4
4034;236;218;240;land;false;plains;2
4035;225;191;111;land;false;marsh;2
4036;209;242;229;land;false;jungle;4
4037;116;150;243;land;false;jungle;4
4038;157;149;253;land;false;jungle;4
4039;50;237;245;land;false;forest;2
4040;171;208;151;land;false;jungle;4
4041;153;247;236;land;false;jungle;4
4042;254;184;209;land;false;jungle;4
4043;116;157;249;land;false;jungle;4
4044;201;175;176;land;false;mountain;2
4045;167;219;169;land;false;marsh;2
4046;223;245;139;land;false;plains;2
4047;84;222;231;land;true;plains;6
4048;246;221;151;land;false;mountain;4
4049;188;224;122;land;false;mountain;2
4050;225;153;133;land;false;plains;2
4051;253;165;106;land;false;jungle;4
4052;252;202;203;land;false;mountain;2
4053;190;169;235;land;false;plains;2
4054;226;143;161;land;true;plains;2
4055;193;73;238;land;false;mountain;4
4056;233;138;211;land;false;mountain;4
4057;174;225;217;land;false;mountain;4
4058;217;141;227;land;false;mountain;2
4059;225;221;159;land;false;mountain;2
4060;236;184;252;land;false;forest;2
4061;212;218;243;land;true;forest;2
4062;146;150;237;land;true;plains;2
4063;190;251;68;land;false;jungle;4
4064;234;240;199;land;false;jungle;4
4065;198;193;147;land;false;plains;2
4066;218;219;138;land;false;mountain;4
4067;119;132;250;land;false;jungle;4
4068;218;220;108;land;false;jungle;4
4069;152;246;131;land;false;mountain;4
4070;168;206;237;land;false;mountain;2
4071;204;181;140;land;false;mountain;2
4072;129;230;153;land;false;plains;2
4073;92;254;189;land;false;marsh;2
4074;205;182;124;land;false;jungle;4
4075;117;242;173;land;false;jungle;4
4076;81;180;241;land;false;marsh;2
4077;234;198;185;land;false;forest;2
4078;224;118;170;land;false;desert;4
4079;250;54;251;land;false;desert;4
4080;107;239;177;land;false;mountain;4
4081;247;206;220;land;false;jungle;4
4082;230;243;153;land;false;plains;2
4083;207;138;188;land;false;plains;2
4084;116;251;241;land;false;forest;2
4085;93;233;201;land;false;mountain;4
4086;209;237;234;land;false;mountain;4
4087;187;252;76;land;false;jungle;4
4088;167;245;243;land;false;jungle;4
4089;235;172;173;land;false;jungle;4
4090;244;231;120;land;false;jungle;4
4091;217;90;229;land;false;jungle;4
4092;136;194;203;land;false;plains;2
4093;170;233;207;land;false;mountain;2
4094;196;164;241;land;false;marsh;2
4095;241;100;190;land;false;mountain;2
4096;220;248;107;land;false;mountain;2
4097;236;97;244;land;false;mountain;4
4098;185;181;154;land;false;mountain;4
4099;220;150;167;land;false;jungle;4
4100;230;179;207;land;false;mountain;4
4101;251;247;110;land;false;mountain;2
4102;240;205;164;land;false;plains;2
4103;165;202;165;land;true;forest;2
4104;224;232;153;land;false;mountain;2
4105;212;130;193;land;false;mountain;2
4106;222;129;158;land;true;plains;2
4107;193;183;168;land;false;desert;4
4108;251;251;26;land;false;jungle;4
4109;163;225;156;land;false;plains;2
4110;126;228;177;land;false;mountain;4
4111;231;196;101;land;false;jungle;4
4112;193;164;194;land;false;jungle;4
4113;211;203;170;land;false;jungle;4
4114;220;214;173;land;false;jungle;4
4115;129;209;247;land;false;mountain;4
4116;241;161;243;land;false;mountain;2
4117;246;237;254;land;false;mountain;2
4118;192;231;105;land;false;marsh;2
4119;108;203;219;land;false;forest;2
4120;196;124;217;land;false;desert;4
4121;223;70;249;land;false;jungle;4
4122;180;215;214;land;false;jungle;4
4123;225;157;171;land;false;mountain;2
4124;36;224;253;land;false;mountain;2
4125;250;88;181;land;false;marsh;2
4126;189;149;222;land;false;marsh;2
4127;172;175;203;land;false;mountain;4
4128;251;213;61;land;false;jungle;4
4129;229;105;210;land;false;jungle;4
4130;168;231;199;land;false;jungle;4
4131;191;123;236;land;false;mountain;2
4132;248;131;155;land;false;mountain;2
4133;138;212;196;land;false;mountain;4
4134;195;138;180;land;false;mountain;2
4135;184;173;250;land;false;mountain;2
4136;246;155;247;land;false;mountain;2
4137;142;219;206;land;false;mountain;4
4138;247;109;153;land;false;mountain;4
4139;216;251;173;land;false;mountain;4
4140;239;150;201;land;false;mountain;4
4141;192;244;158;land;false;mountain;2
4142;143;249;149;land;false;jungle;4
4143;215;154;200;land;false;mountain;2
4144;141;158;231;land;true;forest;2
4145;223;126;155;land;false;mountain;4
4146;230;237;106;land;false;marsh;2
4147;219;136;213;land;true;plains;2
4148;241;195;245;land;false;desert;4
4149;234;173;240;land;false;jungle;4
4150;210;99;252;land;false;mountain;2
4151;253;3;253;land;false;mountain;2
4152;129;149;248;land;false;mountain;4
4153;232;38;254;land;false;mountain;4
4154;237;137;187;land;false;mountain;2
4155;199;232;79;land;false;mountain;2
4156;99;250;234;land;false;forest;2
4157;115;252;227;land;false;desert;4
4158;224;104;226;land;false;jungle;4
4159;220;154;223;land;false;jungle;4
4160;166;119;242;land;false;mountain;4
4161;177;220;136;land;false;mountain;2
4162;203;230;216;land;false;jungle;4
4163;149;221;151;land;false;mountain;2
4164;225;127;236;land;false;desert;4
4165;148;180;212;land;false;mountain;2
4166;221;250;100;land;false;mountain;2
4167;226;252;102;land;false;mountain;2
4168;252;162;191;land;false;mountain;2
4169;176;223;123;land;false;mountain;2
4170;200;194;116;land;false;mountain;2
4171;136;234;170;land;false;mountain;2
4172;23;235;252;land;true;forest;2
4173;226;229;141;land;true;forest;2
4174;218;58;225;land;false;mountain;4
4175;46;218;245;land;false;mountain;2
4176;96;208;230;land;false;mountain;2
4177;185;121;221;land;false;mountain;4
4178;137;143;230;land;false;jungle;4
4179;228;231;248;land;false;marsh;2
4180;221;252;33;land;false;forest;2
4181;169;151;211;land;false;mountain;2
4182;248;246;240;land;false;mountain;2
4183;230;249;173;land;true;plains;2
4184;171;201;171;land;false;mountain;4
4185;248;79;174;land;false;mountain;2
4186;188;185;170;land;true;plains;2
4187;202;223;131;land;false;jungle;4
4188;171;198;223;land;false;desert;4
4189;116;195;196;land;false;jungle;4
4190;152;174;236;land;false;jungle;4
4191;145;242;236;land;false;desert;4
4192;220;152;209;land;false;mountain;4
4193;183;245;73;land;false;jungle;4
4194;185;177;154;land;false;jungle;4
4195;206;245;128;land;false;mountain;4
4196;144;253;122;land;false;mountain;2
4197;198;237;199;land;false;mountain;2
4198;33;236;244;land;false;desert;4
4199;138;221;248;land;false;jungle;4
4200;156;208;205;land;false;jungle;4
4201;78;200;235;land;false;mountain;4
4202;238;202;245;land;false;mountain;2
4203;248;234;186;land;false;mountain;2
4204;125;233;214;land;false;mountain;2
4205;173;138;230;land;true;plains;2
4206;237;223;180;land;false;mountain;4
4207;113;182;208;land;false;mountain;4
4208;240;242;93;land;false;mountain;2
4209;144;252;121;land;false;mountain;2
4210;246;120;136;land;false;forest;2
4211;212;104;189;land;false;desert;4
4212;173;143;252;land;false;jungle;4
4213;170;246;233;land;false;mountain;2
4214;192;120;222;land;false;jungle;4
4215;238;150;182;land;false;plains;2
4216;220;206;226;land;false;mountain;2
4217;230;138;212;land;false;mountain;2
4218;254;185;166;land;false;mountain;2
4219;232;183;184;land;false;forest;2
4220;170;211;235;land;false;desert;4
4221;215;150;147;land;false;jungle;4
4222;166;249;155;land;false;jungle;4
4223;248;116;243;land;false;jungle;4
4224;216;197;128;land;true;plains;2
4225;99;234;226;land;false;mountain;4
4226;170;184;174;land;false;mountain;4
4227;211;106;229;land;false;jungle;4
4228;233;160;112;land;false;jungle;4
4229;221;186;187;land;false;desert;4
4230;210;249;129;land;false;jungle;4
4231;134;183;247;land;false;mountain;2
4232;190;157;205;land;false;mountain;4
4233;171;244;159;land;false;jungle;4
4234;244;128;214;land;false;mountain;4
4235;251;216;160;land;false;mountain;2
4236;160;246;115;land;false;mountain;2
4237;234;62;211;land;false;desert;4
4238;82;200;224;land;false;jungle;4
4239;218;189;126;land;false;hills;2
4240;126;231;165;land;true;desert;4
4241;165;180;245;land;false;desert;4
4242;241;74;227;land;false;desert;4
4243;117;186;226;land;false;jungle;4
4244;168;204;147;land;false;jungle;4
4245;240;175;107;land;false;plains;2
4246;141;147;247;land;false;desert;4
4247;185;125;219;land;false;jungle;4
4248;181;220;249;land;false;mountain;2
4249;79;228;196;land;false;desert;4
4250;188;190;152;land;false;desert;4
4251;72;216;231;land;false;jungle;4
4252;168;254;171;land;true;plains;2
4253;74;208;227;land;true;forest;2
4254;194;228;220;land;false;jungle;4
4255;251;193;67;land;false;jungle;4
4256;253;75;201;land;false;plains;2
4257;129;199;181;land;true;plains;2
4258;165;240;161;land;false;mountain;4
4259;228;243;101;land;false;forest;2
4260;191;212;105;land;false;plains;2
4261;242;223;45;land;false;plains;2
4262;187;219;198;land;false;desert;4
4263;220;193;161;land;false;jungle;4
4264;228;222;134;land;false;jungle;4
4265;147;218;149;land;true;forest;2
4266;254;156;175;land;false;mountain;2
4267;220;235;229;land;false;jungle;4
4268;221;219;99;land;false;jungle;4
4269;184;212;178;land;true;mountain;6
4270;209;190;210;land;false;jungle;4
4271;139;245;143;land;false;plains;2
4272;223;160;123;land;false;jungle;4
4273;25;249;236;land;true;plains;2
4274;167;198;195;land;true;plains;2
4275;250;100;197;land;false;desert;4
4276;218;233;67;land;false;jungle;4
4277;177;149;200;land;false;forest;2
4278;174;230;135;land;false;mountain;2
4279;237;102;195;land;false;mountain;4
4280;254;248;4;land;false;jungle;4
4281;239;239;162;land;false;mountain;2
4282;113;243;168;land;false;desert;4
4283;184;192;140;land;false;jungle;4
4284;189;252;93;land;false;jungle;4
4285;89;214;223;land;false;mountain;2
4286;164;245;209;land;false;mountain;2
4287;212;217;177;land;false;forest;2
4288;236;208;126;land;false;plains;2
4289;171;210;143;land;false;mountain;4
4290;112;154;241;land;false;jungle;4
4291;210;204;229;land;false;mountain;4
4292;213;230;229;land;false;jungle;4
4293;237;154;135;land;false;mountain;2
4294;112;196;235;land;false;plains;2
4295;227;184;186;land;false;mountain;2
4296;107;194;244;land;false;mountain;2
4297;238;185;169;land;false;mountain;2
4298;136;205;194;land;false;mountain;4
4299;231;246;158;land;false;jungle;4
4300;204;154;199;land;false;mountain;4
4301;126;224;195;land;false;mountain;4
4302;222;140;250;land;false;jungle;4
4303;220;186;182;land;true;plains;2
4304;224;216;80;land;false;mountain;4
4305;116;217;183;land;false;mountain;4
4306;91;252;182;land;true;plains;2
4307;239;158;169;land;true;urban;2
4308;213;89;251;land;false;mountain;4
4309;164;250;97;land;false;forest;2
4310;166;150;229;land;false;mountain;2
4311;226;209;121;land;false;mountain;2
4312;210;89;250;land;false;jungle;4
4313;173;209;238;land;false;jungle;4
4314;237;221;43;land;false;mountain;2
4315;179;251;139;land;false;forest;2
4316;213;143;149;land;false;jungle;4
4317;239;187;213;land;false;jungle;4
4318;202;147;186;land;false;hills;2
4319;246;170;147;land;false;hills;2
4320;131;137;240;land;false;forest;2
4321;196;215;93;land;false;mountain;2
4322;216;124;189;land;false;jungle;4
4323;98;209;232;land;false;mountain;4
4324;221;227;159;land;false;mountain;2
4325;173;252;87;land;true;plains;2
4326;132;224;187;land;false;desert;4
4327;190;85;237;land;false;mountain;4
4328;90;158;254;land;false;mountain;4
4329;147;226;150;land;false;mountain;2
4330;192;169;252;land;false;mountain;4
4331;183;205;170;land;false;forest;2
4332;252;236;110;land;true;mountain;6
4333;226;171;136;land;false;desert;4
4334;226;147;208;land;false;jungle;4
4335;232;122;195;land;false;jungle;4
4336;186;236;193;land;false;mountain;4
4337;139;224;228;land;false;mountain;2
4338;187;187;180;land;false;jungle;4
4339;188;103;216;land;false;mountain;2
4340;225;144;248;land;false;plains;2
4341;194;201;106;land;false;forest;2
4342;189;241;155;land;true;plains;2
4343;174;102;226;land;false;mountain;4
4344;164;195;161;land;false;hills;2
4345;219;245;183;land;false;plains;2
4346;198;238;163;land;false;jungle;4
4347;228;145;199;land;true;plains;6
4348;199;118;218;land;false;jungle;4
4349;202;208;210;land;false;forest;2
4350;237;92;176;land;false;jungle;4
4351;217;183;192;land;false;plains;2
4352;181;252;113;land;false;plains;2
4353;201;253;205;land;false;jungle;4
4354;234;134;231;land;false;mountain;4
4355;243;191;111;land;false;mountain;2
4356;185;238;149;land;true;plains;6
4357;246;229;190;land;false;jungle;4
4358;175;204;154;land;false;hills;2
4359;175;217;195;land;true;plains;2
4360;118;193;242;land;false;plains;4
4361;162;213;153;land;false;mountain;2
4362;112;155;247;land;false;hills;2
4363;205;158;167;land;false;plains;2
4364;108;222;175;land;false;hills;2
4365;248;192;209;land;false;hills;2
4366;147;213;220;land;true;plains;2
4367;82;195;227;land;false;jungle;4
4368;209;238;64;land;false;hills;2
4369;175;174;237;land;false;forest;2
4370;214;174;204;land;false;plains;2
4371;243;215;78;land;false;forest;2
4372;169;123;239;land;false;plains;2
4373;197;144;240;land;false;jungle;4
4374;128;234;231;land;false;mountain;4
4375;126;135;252;land;false;mountain;4
4376;176;212;254;land;false;desert;4
4377;115;200;218;land;false;plains;2
4378;230;230;89;land;false;forest;2
4379;99;194;215;land;false;jungle;4
4380;185;210;211;land;false;mountain;4
4381;217;208;98;land;false;hills;2
4382;203;172;140;land;false;jungle;4
4383;128;236;251;land;false;jungle;4
4384;167;209;229;land;false;jungle;4
4385;243;248;130;land;false;hills;2
4386;248;97;194;land;true;plains;2
4387;209;215;222;land;false;jungle;4
4388;189;214;123;land;false;jungle;4
4389;227;216;233;land;false;jungle;4
4390;227;157;145;land;false;mountain;4
4391;123;237;161;land;false;jungle;4
4392;206;232;216;land;false;hills;2
4393;187;228;114;land;false;hills;2
4394;241;248;170;land;true;plains;6
4395;127;197;209;land;false;jungle;4
4396;182;154;218;land;false;mountain;4
4397;182;158;211;land;false;mountain;2
4398;250;238;60;land;false;forest;2
4399;232;99;244;land;false;mountain;2
4400;240;236;194;land;false;plains;2
4401;222;147;159;land;true;plains;2
4402;22;237;246;land;false;jungle;4
4403;164;176;227;land;false;jungle;4
4404;191;208;137;land;false;jungle;4
4405;250;205;194;land;false;jungle;4
4406;190;245;170;land;false;jungle;4
4407;236;181;223;land;false;mountain;4
4408;195;217;89;land;false;mountain;4
4409;204;206;105;land;false;jungle;4
4410;174;124;224;land;false;mountain;4
4411;221;182;207;land;false;jungle;4
4412;120;200;203;land;true;plains;2
4413;132;244;164;land;false;jungle;4
4414;144;224;214;land;false;mountain;2
4415;114;237;163;land;false;plains;2
4416;220;145;169;land;false;plains;2
4417;219;226;216;land;false;forest;2
4418;208;206;137;land;false;desert;4
4419;152;230;168;land;false;hills;2
4420;254;207;233;land;false;mountain;2
4421;195;133;190;land;false;desert;4
4422;216;216;84;land;false;hills;2
4423;134;240;203;land;false;forest;2
4424;219;230;140;land;false;plains;2
4425;133;187;181;land;false;jungle;4
4426;189;224;139;land;false;jungle;4
4427;222;213;93;land;false;hills;2
4428;213;252;222;land;false;hills;2
4429;241;218;201;land;false;plains;2
4430;218;184;148;land;false;desert;4
4431;229;186;191;land;false;jungle;4
4432;218;219;107;land;false;jungle;4
4433;198;157;232;land;true;plains;2
4434;119;216;204;land;false;jungle;4
4435;252;125;224;land;false;mountain;4
4436;173;142;196;land;false;forest;2
4437;227;233;120;land;false;forest;2
4438;213;167;155;land;false;plains;2
4439;214;125;162;land;false;jungle;4
4440;147;233;125;land;false;hills;2
4441;166;229;248;land;false;hills;2
4442;76;226;232;land;false;plains;2
4443;162;155;191;land;false;desert;4
4444;131;190;224;land;false;jungle;4
4445;209;213;250;land;false;jungle;4
4446;152;121;246;land;false;plains;4
4447;86;221;209;land;false;jungle;4
4448;221;186;176;land;false;mountain;2
4449;249;135;126;land;false;hills;2
4450;232;221;122;land;false;hills;2
4451;224;161;194;land;true;plains;6
4452;201;203;128;land;false;jungle;4
4453;249;169;245;land;false;hills;2
4454;173;246;216;land;false;hills;2
4455;131;251;234;land;false;mountain;4
4456;109;234;180;land;false;plains;2
4457;142;177;205;land;false;desert;4
4458;147;166;229;land;false;jungle;4
4459;24;248;236;land;false;hills;2
4460;207;176;197;land;false;forest;2
4461;31;253;232;land;false;desert;2
4462;184;243;223;land;false;jungle;4
4463;192;219;184;land;false;jungle;4
4464;82;251;200;land;false;mountain;4
4465;214;178;217;land;true;plains;2
4466;162;135;244;land;false;jungle;4
4467;115;233;233;land;false;jungle;4
4468;252;252;128;land;false;plains;2
4469;90;213;221;land;true;desert;4
4470;158;246;110;land;false;mountain;2
4471;229;84;209;land;false;hills;2
4472;226;97;222;land;false;mountain;2
4473;250;56;233;land;false;desert;4
4474;180;188;198;land;false;forest;2
4475;74;200;251;land;false;plains;2
4476;219;141;160;land;false;plains;2
4477;198;224;171;land;false;plains;2
4478;192;84;231;land;false;desert;4
4479;251;177;204;land;false;desert;4
4480;37;250;243;land;false;hills;2
4481;77;250;184;land;false;jungle;4
4482;167;240;110;land;false;mountain;2
4483;252;192;90;land;false;hills;2
4484;194;197;144;land;false;desert;4
4485;149;235;186;land;false;desert;4
4486;189;237;96;land;false;jungle;4
4487;147;169;234;land;false;forest;2
4488;214;152;187;land;false;jungle;4
4489;228;160;130;land;false;jungle;4
4490;69;204;235;land;false;mountain;4
4491;206;249;123;land;false;plains;2
4492;210;251;207;land;false;plains;2
4493;249;108;244;land;false;desert;4
4494;238;107;200;land;false;forest;2
4495;240;114;214;land;true;urban;2
4496;140;200;234;land;false;hills;6
4497;191;105;254;land;false;jungle;4
4498;218;238;181;land;false;jungle;4
4499;216;199;237;land;false;jungle;4
4500;98;208;242;land;false;hills;2
4501;163;205;142;land;false;mountain;2
4502;183;165;206;land;false;forest;2
4503;173;215;172;land;false;jungle;4
4504;247;135;162;land;false;mountain;4
4505;186;211;115;land;false;hills;2
4506;253;179;212;land;false;plains;2
4507;213;191;222;land;false;plains;2
4508;245;221;130;land;false;jungle;4
4509;212;197;208;land;false;plains;2
4510;240;190;127;land;true;plains;3
4511;120;243;209;land;true;plains;5
4512;243;73;232;land;false;desert;4
4513;152;215;240;land;false;jungle;4
4514;169;178;253;land;false;jungle;4
4515;189;209;215;land;false;hills;2
4516;178;252;239;land;true;plains;5
4517;207;199;151;land;false;desert;4
4518;109;187;243;land;false;hills;2
4519;30;234;248;land;false;hills;2
4520;138;223;232;land;false;plains;2
4521;149;248;156;land;false;plains;2
4522;209;213;226;land;false;jungle;4
4523;136;223;218;land;false;jungle;4
4524;177;180;148;land;false;jungle;4
4525;224;144;140;land;false;desert;4
4526;214;245;166;land;false;jungle;4
4527;77;201;229;land;false;jungle;4
4528;238;211;155;land;false;hills;2
4529;232;254;84;land;false;plains;2
4530;51;254;237;land;false;desert;4
4531;248;224;31;land;false;jungle;4
4532;242;245;128;land;false;jungle;4
4533;192;146;233;land;false;mountain;2
4534;136;240;153;land;true;forest;2
4535;128;240;241;land;true;plains;2
4536;79;193;232;land;true;plains;2
4537;229;223;198;land;false;desert;4
4538;204;243;90;land;false;forest;2
4539;243;203;71;land;false;hills;2
4540;234;237;87;land;false;hills;2
4541;64;239;252;land;true;plains;5
4542;177;179;251;land;false;desert;4
4543;207;226;177;land;false;desert;4
4544;146;134;246;land;false;mountain;4
4545;237;237;103;land;false;mountain;4
4546;143;134;239;land;false;plains;2
4547;182;222;246;land;false;forest;2
4548;41;219;242;land;true;plains;3
4549;81;242;235;land;false;plains;2
4550;156;233;172;land;false;plains;2
4551;121;223;186;land;true;plains;2
4552;232;156;121;land;false;forest;5
4553;174;214;203;land;false;desert;4
4554;194;247;179;land;false;mountain;4
4555;251;217;222;land;false;jungle;4
4556;222;230;55;land;false;jungle;4
4557;248;48;253;land;false;hills;2
4558;207;113;181;land;false;jungle;4
4559;238;181;207;land;false;jungle;4
4560;229;183;138;land;false;plains;2
4561;253;169;201;land;false;jungle;4
4562;234;246;165;land;false;jungle;4
4563;230;173;142;land;false;forest;2
4564;233;248;162;land;false;jungle;4
4565;244;121;196;land;false;mountain;2
4566;252;243;241;land;true;plains;2
4567;194;172;146;land;false;desert;4
4568;134;226;163;land;false;hills;2
4569;219;78;254;land;false;forest;2
4570;144;252;115;land;false;desert;4
4571;205;251;150;land;false;mountain;4
4572;217;147;204;land;false;jungle;4
4573;200;248;188;land;false;hills;2
4574;182;246;241;land;false;hills;2
4575;68;209;240;land;false;forest;2
4576;251;150;134;land;false;jungle;4
4577;250;245;87;land;false;jungle;4
4578;22;248;252;land;false;hills;2
4579;142;198;198;land;false;plains;4
4580;172;166;211;land;false;jungle;4
4581;251;244;231;land;false;hills;2
4582;180;251;141;land;false;forest;2
4583;225;110;225;land;false;forest;2
4584;207;194;252;land;false;plains;2
4585;254;98;197;land;false;desert;4
4586;234;133;252;land;false;jungle;4
4587;199;201;173;land;false;jungle;4
4588;132;191;219;land;false;desert;4
4589;160;244;226;land;false;desert;4
4590;212;156;167;land;false;mountain;4
4591;191;244;126;land;false;jungle;4
4592;89;217;241;land;false;jungle;4
4593;235;73;196;land;false;plains;2
4594;231;66;242;land;false;mountain;2
4595;252;207;230;land;false;mountain;4
4596;149;195;217;land;false;jungle;4
4597;202;211;116;land;false;jungle;4
4598;175;250;93;land;false;jungle;4
4599;75;238;246;land;false;hills;2
4600;145;185;176;land;false;hills;2
4601;207;180;171;land;false;jungle;4
4602;80;224;197;land;false;jungle;4
4603;232;100;249;land;false;desert;4
4604;143;176;195;land;false;mountain;4
4605;181;248;187;land;false;hills;2
4606;231;235;80;land;false;plains;2
4607;254;58;251;land;false;forest;2
4608;249;122;251;land;false;mountain;2
4609;232;57;251;land;false;plains;2
4610;212;195;204;land;false;mountain;2
4611;243;253;240;land;false;plains;2
4612;185;124;228;land;false;jungle;4
4613;240;148;169;land;false;mountain;4
4614;220;232;239;land;false;mountain;4
4615;148;166;202;land;false;hills;2
4616;159;170;201;land;false;forest;2
4617;95;225;252;land;false;desert;4
4618;251;71;212;land;false;jungle;4
4619;229;249;227;land;false;jungle;4
4620;168;244;113;land;false;jungle;4
4621;248;184;74;land;false;hills;6
4622;174;144;202;land;false;desert;4
4623;213;245;76;land;false;jungle;4
4624;185;156;209;land;false;jungle;4
4625;155;199;187;land;false;mountain;2
4626;139;225;213;land;false;jungle;4
4627;80;220;241;land;false;jungle;4
4628;217;217;99;land;false;plains;2
4629;229;163;130;land;false;mountain;2
4630;218;133;247;land;false;mountain;2
4631;224;135;177;land;true;plains;2
4632;238;135;130;land;false;desert;4
4633;206;135;170;land;false;jungle;4
4634;177;240;148;land;false;hills;2
4635;236;200;122;land;false;mountain;4
4636;241;201;63;land;false;hills;2
4637;209;99;232;land;false;hills;2
4638;218;146;233;land;false;forest;2
4639;253;83;247;land;false;desert;4
4640;221;164;161;land;false;mountain;4
4641;219;162;248;land;false;jungle;4
4642;246;78;243;land;false;hills;2
4643;140;215;209;land;false;forest;2
4644;229;202;117;land;false;mountain;2
4645;249;111;166;land;false;mountain;2
4646;232;74;215;land;false;jungle;4
4647;235;141;226;land;false;jungle;4
4648;234;240;68;land;false;desert;4
4649;105;196;218;land;false;desert;4
4650;247;112;217;land;false;jungle;4
4651;245;116;190;land;false;mountain;4
4652;239;245;95;land;false;hills;2
4653;166;182;224;land;false;mountain;2
4654;156;236;140;land;false;jungle;4
4655;208;111;210;land;false;jungle;4
4656;227;171;106;land;false;plains;2
4657;233;193;100;land;false;mountain;2
4658;245;117;185;land;true;plains;3
4659;208;169;126;land;false;mountain;4
4660;247;189;206;land;false;mountain;4
4661;181;180;163;land;false;jungle;4
4662;71;243;207;land;false;hills;2
4663;188;186;211;land;false;plains;2
4664;223;154;155;land;true;desert;4
4665;229;252;83;land;false;jungle;4
4666;222;137;213;land;false;mountain;2
4667;202;183;184;land;false;mountain;4
4668;200;209;162;land;false;hills;2
4669;215;165;182;land;false;forest;2
4670;155;146;232;land;false;mountain;2
4671;218;205;195;land;false;jungle;4
4672;204;192;141;land;false;mountain;4
4673;183;218;250;land;false;jungle;4
4674;199;236;183;land;false;jungle;4
4675;240;120;189;land;false;hills;2
4676;123;244;148;land;false;desert;4
4677;141;248;247;land;false;forest;2
4678;236;193;187;land;false;forest;2
4679;212;229;203;land;false;mountain;2
4680;107;211;223;land;false;jungle;4
4681;188;211;212;land;false;mountain;4
4682;132;162;208;land;false;mountain;2
4683;215;163;169;land;false;desert;4
4684;212;232;79;land;false;jungle;4
4685;254;213;182;land;false;mountain;4
4686;124;187;242;land;false;hills;2
4687;212;153;211;land;false;mountain;2
4688;115;248;216;land;false;plains;2
4689;158;162;239;land;false;plains;2
4690;192;253;135;land;false;mountain;2
4691;149;240;120;land;false;mountain;4
4692;166;210;211;land;false;hills;2
4693;249;230;55;land;false;jungle;4
4694;192;227;218;land;false;mountain;2
4695;150;251;213;land;false;forest;2
4696;247;220;144;land;true;plains;3
4697;170;230;225;land;false;jungle;4
4698;138;218;151;land;false;jungle;4
4699;217;168;226;land;false;mountain;2
4700;95;240;235;land;false;mountain;4
4701;241;221;172;land;false;jungle;4
4702;123;241;175;land;false;hills;2
4703;207;222;92;land;false;hills;2
4704;146;249;186;land;false;plains;2
4705;219;208;132;land;false;mountain;2
4706;36;249;236;land;true;plains;2
4707;140;179;191;land;false;jungle;4
4708;221;159;252;land;false;plains;2
4709;221;119;200;land;false;jungle;4
4710;226;146;144;land;false;mountain;4
4711;241;103;189;land;false;forest;2
4712;189;159;184;land;false;forest;2
4713;190;195;129;land;false;mountain;2
4714;185;204;171;land;false;desert;4
4715;180;194;250;land;false;jungle;4
4716;250;63;209;land;false;mountain;4
4717;191;239;104;land;false;hills;6
4718;204;193;147;land;false;mountain;4
4719;250;151;205;land;false;mountain;4
4720;239;49;227;land;false;mountain;2
4721;208;227;144;land;false;forest;2
4722;246;196;227;land;false;jungle;4
4723;238;222;78;land;false;jungle;4
4724;197;188;126;land;false;jungle;4
4725;223;186;142;land;false;mountain;2
4726;185;184;162;land;false;forest;2
4727;251;197;206;land;false;plains;2
4728;247;254;112;land;false;mountain;2
4729;248;72;250;land;false;mountain;4
4730;211;87;240;land;false;mountain;4
4731;86;248;219;land;true;plains;3
4732;167;249;201;land;false;jungle;4
4733;218;121;243;land;false;jungle;4
4734;217;201;112;land;false;mountain;4
4735;228;195;126;land;false;desert;4
4736;76;253;190;land;false;desert;4
4737;103;211;190;land;false;mountain;4
4738;165;247;193;land;false;forest;2
4739;170;205;129;land;false;mountain;2
4740;201;199;128;land;false;forest;5
4741;215;202;126;land;false;desert;4
4742;223;209;222;land;false;jungle;4
4743;230;152;246;land;false;mountain;2
4744;224;83;211;land;false;forest;2
4745;214;198;180;land;true;plains;5
4746;135;254;193;land;false;jungle;4
4747;210;164;203;land;false;jungle;4
4748;254;240;234;land;false;jungle;4
4749;179;242;194;land;false;mountain;2
4750;102;249;232;land;false;mountain;2
4751;185;115;214;land;false;forest;2
4752;218;188;163;land;false;mountain;2
4753;108;181;231;land;false;mountain;4
4754;239;99;241;land;false;jungle;4
4755;244;241;154;land;false;mountain;4
4756;200;220;112;land;false;jungle;2
4757;220;235;218;land;true;plains;6
4758;173;236;167;land;false;jungle;4
4759;232;203;215;land;false;mountain;4
4760;175;230;240;land;false;jungle;4
4761;208;248;229;land;false;mountain;4
4762;69;245;250;land;false;mountain;4
4763;230;204;238;land;false;plains;2
4764;217;191;114;land;false;jungle;4
4765;142;180;208;land;false;jungle;4
4766;180;180;146;land;true;plains;5
4767;235;86;249;land;false;desert;4
4768;240;147;241;land;false;jungle;4
4769;176;230;178;land;false;mountain;2
4770;93;252;175;land;false;mountain;2
4771;186;206;250;land;true;plains;2
4772;115;253;247;land;true;plains;2
4773;152;177;200;land;false;mountain;4
4774;190;242;235;land;true;plains;5
4775;240;157;131;land;true;plains;5
4776;135;199;184;land;false;plains;5
4777;241;147;250;land;false;jungle;4
4778;97;193;215;land;false;mountain;4
4779;189;219;118;land;false;jungle;4
4780;240;233;38;land;false;mountain;4
4781;208;238;189;land;false;forest;2
4782;229;93;228;land;false;mountain;4
4783;95;239;222;land;false;desert;4
4784;241;161;232;land;false;jungle;4
4785;245;174;207;land;false;jungle;4
4786;47;254;229;land;false;jungle;4
4787;209;248;193;land;false;plains;2
4788;194;108;203;land;false;mountain;2
4789;226;90;227;land;false;mountain;2
4790;232;159;217;land;false;jungle;4
4791;251;171;181;land;false;mountain;4
4792;213;246;167;land;true;forest;3
4793;200;197;130;land;true;forest;3
4794;128;235;238;land;false;jungle;4
4795;103;205;249;land;false;jungle;4
4796;244;89;181;land;true;plains;5
4797;161;233;162;land;false;jungle;4
4798;211;174;216;land;false;desert;4
4799;179;116;221;land;false;mountain;4
4800;125;141;248;land;false;mountain;4
4801;237;141;242;land;false;jungle;2
4802;122;226;154;land;false;mountain;2
4803;169;181;233;land;true;plains;5
4804;164;159;218;land;true;forest;3
4805;206;173;239;land;false;jungle;4
4806;253;228;226;land;false;jungle;4
4807;238;167;113;land;false;jungle;4
4808;159;187;218;land;false;jungle;4
4809;138;168;223;land;false;jungle;2
4810;120;249;251;land;false;forest;2
4811;120;229;160;land;false;mountain;4
4812;254;124;179;land;false;jungle;4
4813;225;205;223;land;false;jungle;4
4814;197;254;206;land;false;forest;2
4815;207;180;166;land;false;jungle;4
4816;197;237;98;land;false;jungle;4
4817;207;254;220;land;false;desert;4
4818;235;202;195;land;false;jungle;4
4819;156;248;100;land;false;mountain;2
4820;48;242;224;land;false;mountain;2
4821;251;147;130;land;false;forest;2
4822;118;246;223;land;false;mountain;2
4823;233;87;232;land;false;forest;3
4824;246;194;137;land;false;mountain;4
4825;250;103;247;land;false;mountain;2
4826;236;222;251;land;false;jungle;2
4827;243;219;189;land;false;forest;2
4828;184;227;227;land;false;jungle;4
4829;203;215;168;land;false;jungle;4
4830;188;157;202;land;true;plains;2
4831;220;246;40;land;false;mountain;3
4832;253;8;243;land;false;desert;4
4833;120;227;173;land;false;mountain;4
4834;206;158;193;land;false;jungle;4
4835;167;175;160;land;false;mountain;4
4836;226;138;253;land;false;mountain;2
4837;131;188;189;land;false;forest;2
4838;122;248;247;land;true;plains;5
4839;195;130;185;land;false;jungle;4
4840;164;117;233;land;false;mountain;4
4841;180;207;240;land;false;mountain;4
4842;79;227;254;land;false;mountain;4
4843;121;188;193;land;false;mountain;4
4844;244;132;165;land;false;mountain;4
4845;226;232;128;land;false;mountain;2
4846;76;251;197;land;false;mountain;3
4847;111;236;161;land;true;plains;5
4848;187;197;222;land;false;jungle;4
4849;156;242;246;land;true;forest;3
4850;246;141;174;land;false;jungle;4
4851;147;224;244;land;false;jungle;4
4852;148;236;202;land;false;jungle;4
4853;254;217;159;land;false;jungle;4
4854;217;214;73;land;false;jungle;2
4855;245;143;180;land;false;mountain;2
4856;227;243;184;land;false;mountain;2
4857;200;184;180;land;false;forest;2
4858;241;166;97;land;false;plains;2
4859;175;253;250;land;false;mountain;3
4860;254;233;62;land;false;mountain;4
4861;226;217;129;land;false;jungle;4
4862;239;94;174;land;false;mountain;4
4863;245;232;177;land;false;mountain;2
4864;222;157;170;land;false;jungle;4
4865;178;166;185;land;true;mountain;2
4866;234;87;207;land;false;mountain;4
4867;115;161;252;land;false;forest;2
4868;183;223;220;land;false;mountain;4
4869;142;203;180;land;false;jungle;4
4870;240;68;240;land;false;jungle;4
4871;200;193;110;land;false;mountain;4
4872;216;216;147;land;false;mountain;4
4873;217;183;225;land;false;mountain;2
4874;221;131;172;land;true;plains;3
4875;181;216;139;land;false;mountain;3
4876;46;220;249;land;false;jungle;4
4877;235;85;222;land;false;mountain;4
4878;232;41;248;land;false;mountain;2
4879;253;150;219;land;false;mountain;2
4880;218;164;132;land;true;plains;2
4881;152;169;214;land;true;forest;3
4882;249;239;220;land;false;desert;4
4883;161;230;213;land;false;mountain;4
4884;237;91;218;land;false;plains;2
4885;253;188;237;land;false;desert;4
4886;119;253;130;land;true;plains;5
4887;189;248;124;land;false;jungle;4
4888;229;216;160;land;false;jungle;4
4889;169;253;143;land;false;forest;2
4890;180;237;126;land;false;desert;4
4891;219;103;243;land;false;jungle;4
4892;236;170;101;land;true;mountain;2
4893;150;200;216;land;true;plains;2
4894;206;175;206;land;false;mountain;2
4895;174;207;150;land;false;plains;2
4896;184;207;148;land;false;mountain;2
4897;210;61;236;land;false;jungle;4
4898;166;236;160;land;false;mountain;4
4899;250;53;242;land;false;mountain;4
4900;233;94;229;land;false;desert;4
4901;228;249;116;land;false;mountain;4
4902;249;168;189;land;false;mountain;2
4903;142;179;226;land;false;mountain;3
4904;236;222;165;land;false;mountain;4
4905;225;164;246;land;true;plains;5
4906;105;245;242;land;false;mountain;3
4907;170;179;213;land;false;mountain;4
4908;155;243;178;land;false;jungle;4
4909;215;211;176;land;false;mountain;4
4910;70;220;246;land;false;mountain;4
4911;234;113;179;land;false;mountain;3
4912;227;173;231;land;false;jungle;4
4913;177;212;213;land;false;plains;4
4914;210;157;134;land;false;plains;2
4915;251;226;186;land;true;plains;3
4916;242;95;206;land;true;forest;3
4917;99;245;190;land;false;mountain;3
4918;224;220;102;land;false;jungle;4
4919;152;233;235;land;false;jungle;4
4920;152;209;180;land;false;jungle;4
4921;239;243;39;land;false;mountain;2
4922;170;250;187;land;false;mountain;3
4923;253;203;55;land;false;desert;4
4924;254;157;190;land;false;plains;4
4925;114;203;239;land;true;forest;3
4926;206;126;190;land;false;jungle;4
4927;250;133;152;land;false;mountain;4
4928;246;190;236;land;false;mountain;4
4929;148;223;208;land;false;plains;2
4930;240;229;241;land;true;plains;2
4931;227;145;161;land;false;plains;4
4932;238;81;245;land;false;jungle;4
4933;202;99;247;land;false;mountain;4
4934;193;212;130;land;false;mountain;4
4935;217;241;236;land;false;plains;2
4936;84;251;228;land;true;plains;2
4937;242;169;169;land;false;mountain;4
4938;206;117;246;land;false;jungle;4
4939;245;22;240;land;false;mountain;4
4940;218;239;136;land;false;desert;4
4941;203;196;229;land;false;desert;4
4942;121;200;197;land;false;desert;4
4943;242;118;188;land;false;mountain;4
4944;220;245;88;land;false;mountain;4
4945;200;211;223;land;false;mountain;3
4946;185;250;233;land;false;mountain;4
4947;242;244;239;land;false;mountain;4
4948;140;148;243;land;false;plains;4
4949;174;134;194;land;false;mountain;2
4950;177;233;165;land;false;mountain;3
4951;202;121;237;land;false;mountain;3
4952;245;213;205;land;false;desert;4
4953;219;215;151;land;false;desert;4
4954;222;126;159;land;false;jungle;4
4955;153;213;184;land;false;mountain;4
4956;127;236;204;land;true;plains;3
4957;163;174;192;land;false;forest;3
4958;216;169;208;land;false;mountain;3
4959;187;229;147;land;false;jungle;4
4960;117;200;196;land;false;jungle;4
4961;237;252;42;land;true;forest;3
4962;254;167;104;land;false;jungle;4
4963;99;239;186;land;true;plains;2
4964;184;157;223;land;false;jungle;4
4965;82;254;173;land;false;jungle;4
4966;128;194;201;land;false;jungle;4
4967;222;161;139;land;true;plains;2
4968;179;226;110;land;false;mountain;4
4969;240;234;97;land;true;plains;2
4970;235;249;64;land;false;mountain;2
4971;169;108;242;land;false;desert;4
4972;163;130;240;land;false;jungle;4
4973;84;233;188;land;true;mountain;2
4974;183;228;90;land;false;mountain;3
4975;147;251;209;land;false;mountain;4
4976;103;221;220;land;false;mountain;2
4977;103;228;190;land;false;desert;4
4978;164;221;170;land;false;jungle;4
4979;214;136;216;land;false;mountain;4
4980;99;187;251;land;false;jungle;4
4981;223;154;240;land;false;jungle;4
4982;143;198;250;land;false;plains;2
4983;171;237;171;land;false;mountain;3
4984;240;217;138;land;false;jungle;4
4985;194;224;192;land;false;mountain;4
4986;238;149;234;land;true;plains;2
4987;207;214;137;land;false;desert;4
4988;252;167;163;land;false;jungle;4
4989;239;196;198;land;false;mountain;4
4990;199;187;163;land;true;plains;2
4991;187;142;175;land;true;plains;2
4992;204;95;228;land;true;plains;5
4993;190;100;228;land;false;mountain;3
4994;207;216;89;land;false;desert;4
4995;219;118;249;land;false;jungle;4
4996;227;244;138;land;false;jungle;4
4997;193;253;227;land;false;mountain;4
4998;116;239;230;land;true;mountain;4
4999;70;251;192;land;false;plains;3
5000;131;210;195;land;false;desert;4
5001;210;160;222;land;false;mountain;4
5002;237;241;195;land;false;jungle;4
5003;209;233;169;land;true;plains;2
5004;226;183;93;land;false;jungle;4
5005;193;223;189;land;false;mountain;4
5006;147;178;192;land;false;mountain;3
5007;103;244;202;land;false;desert;4
5008;206;232;238;land;false;jungle;4
5009;240;186;144;land;false;mountain;4
5010;230;168;226;land;false;plains;2
5011;91;213;250;land;false;forest;3
5012;207;163;132;land;false;mountain;3
5013;229;52;239;land;false;hills;6
5014;205;160;220;land;false;jungle;4
5015;202;179;252;land;false;plains;4
5016;170;198;221;land;false;mountain;4
5017;127;190;222;land;false;jungle;4
5018;221;156;229;land;false;mountain;4
5019;188;219;142;land;true;plains;4
5020;196;214;253;land;true;plains;2
5021;253;234;135;land;false;mountain;4
5022;147;176;222;land;true;forest;3
5023;142;189;188;land;false;mountain;4
5024;231;232;67;land;false;mountain;4
5025;218;85;227;land;true;forest;3
5026;225;168;163;land;true;plains;4
5027;154;245;142;land;false;mountain;3
5028;244;246;236;land;false;jungle;4
5029;189;249;141;land;false;jungle;4
5030;160;219;252;land;false;mountain;4
5031;189;243;247;land;true;mountain;4
5032;195;223;238;land;false;mountain;3
5033;178;181;145;land;false;jungle;4
5034;155;131;229;land;false;mountain;4
5035;216;237;204;land;true;plains;2
5036;228;134;184;land;true;forest;3
5037;242;174;251;land;true;desert;4
5038;197;215;107;land;false;jungle;4
5039;216;179;109;land;false;mountain;4
5040;246;226;214;land;false;mountain;4
5041;192;173;190;land;false;desert;4
5042;158;219;170;land;false;mountain;4
5043;139;191;207;land;false;plains;4
5044;222;189;160;land;false;mountain;4
5045;232;166;111;land;true;plains;4
5046;228;52;250;land;true;plains;2
5047;88;229;211;land;false;jungle;4
5048;188;188;211;land;false;jungle;4
5049;100;219;244;land;false;plains;4
5050;207;210;242;land;true;plains;5
5051;216;148;196;land;false;mountain;4
5052;250;177;224;land;false;desert;4
5053;217;193;119;land;false;jungle;4
5054;175;188;209;land;true;plains;3
5055;110;220;252;land;false;mountain;4
5056;220;192;156;land;false;mountain;4
5057;251;78;230;land;false;forest;5
5058;113;220;218;land;false;mountain;4
5059;146;123;244;land;true;forest;5
5060;175;227;245;land;false;mountain;4
5061;248;230;113;land;false;desert;4
5062;169;172;201;land;true;forest;3
5063;228;155;254;land;false;desert;4
5064;188;133;183;land;false;mountain;4
5065;153;250;164;land;false;mountain;4
5066;113;232;233;land;false;jungle;4
5067;136;189;208;land;false;mountain;4
5068;217;232;90;land;false;mountain;4
5069;200;73;244;land;false;forest;5
5070;220;253;103;land;false;desert;6
5071;144;132;234;land;false;jungle;4
5072;212;206;194;land;true;forest;5
5073;239;228;77;land;false;mountain;4
5074;223;244;35;land;true;plains;4
5075;219;141;178;land;false;desert;4
5076;224;150;157;land;false;jungle;4
5077;134;233;176;land;true;plains;4
5078;128;241;132;land;false;mountain;5
5079;238;236;135;land;false;mountain;5
5080;119;219;203;land;false;hills;6
5081;219;123;183;land;false;desert;4
5082;201;233;202;land;false;mountain;4
5083;239;71;223;land;true;plains;5
5084;181;252;119;land;false;desert;4
5085;215;215;205;land;false;jungle;4
5086;172;174;232;land;true;forest;5
5087;221;160;193;land;false;mountain;4
5088;164;216;227;land;true;plains;4
5089;210;247;151;land;false;mountain;4
5090;206;155;197;land;false;mountain;4
5091;248;143;238;land;false;mountain;4
5092;252;237;141;land;false;mountain;4
5093;248;169;168;land;false;mountain;4
5094;219;194;237;land;false;mountain;5
5095;251;88;224;land;true;plains;5
5096;207;247;65;land;false;forest;5
5097;214;241;73;land;false;mountain;4
5098;219;148;175;land;false;jungle;4
5099;179;252;111;land;false;mountain;4
5100;251;238;63;land;false;desert;4
5101;87;254;220;land;true;plains;4
5102;231;42;251;land;false;desert;4
5103;245;155;238;land;false;mountain;4
5104;72;205;234;land;false;mountain;4
5105;119;211;172;land;false;mountain;4
5106;247;234;214;land;false;forest;5
5107;206;234;167;land;false;jungle;4
5108;244;76;234;land;false;plains;4
5109;240;164;162;land;true;plains;5
5110;172;202;232;land;false;mountain;5
5111;121;200;230;land;true;plains;5
5112;230;204;72;land;true;plains;5
5113;96;254;242;land;false;jungle;4
5114;243;233;74;land;false;mountain;4
5115;134;147;246;land;true;plains;4
5116;243;110;194;land;false;forest;5
5117;175;191;143;land;true;forest;3
5118;246;20;242;land;false;desert;4
5119;223;196;253;land;false;mountain;4
5120;181;249;82;land;false;mountain;5
5121;175;202;222;land;false;forest;5
5122;250;175;131;land;false;mountain;4
5123;151;245;180;land;false;mountain;4
5124;226;233;94;land;false;mountain;4
5125;184;238;172;land;false;jungle;4
5126;80;248;211;land;false;jungle;4
5127;252;94;206;land;false;jungle;4
5128;86;190;225;land;false;mountain;4
5129;250;249;37;land;false;plains;4
5130;135;184;252;land;true;plains;5
5131;244;73;193;land;true;forest;3
5132;248;102;182;land;false;mountain;4
5133;132;251;207;land;true;plains;5
5134;239;15;252;land;false;forest;5
5135;240;179;192;land;false;desert;4
5136;25;253;245;land;false;mountain;4
5137;240;159;148;land;false;mountain;4
5138;201;222;252;land;false;mountain;4
5139;88;229;216;land;true;plains;3
5140;234;103;188;land;false;desert;4
5141;248;220;194;land;false;desert;4
5142;216;141;182;land;false;mountain;4
5143;253;48;246;land;true;forest;3
5144;201;128;230;land;false;plains;4
5145;75;213;220;land;false;jungle;4
5146;233;218;137;land;false;mountain;4
5147;186;228;128;land;true;plains;5
5148;167;100;236;land;true;plains;3
5149;228;242;146;land;false;jungle;4
5150;240;80;234;land;false;forest;5
5151;179;248;204;land;false;jungle;4
5152;160;191;180;land;false;mountain;5
5153;202;221;182;land;true;plains;5
5154;129;228;192;land;false;jungle;4
5155;219;214;80;land;true;plains;4
5156;128;208;202;land;false;mountain;4
5157;164;217;212;land;true;plains;4
5158;107;165;229;land;false;mountain;4
5159;233;195;234;land;true;plains;4
5160;194;153;239;land;false;forest;5
5161;114;169;219;land;true;plains;3
5162;227;209;77;land;false;desert;4
5163;34;248;224;land;false;jungle;4
5164;243;248;38;land;true;plains;4
5165;239;93;209;land;false;mountain;4
5166;98;234;172;land;true;mountain;4
5167;194;225;215;land;true;plains;5
5168;178;239;134;land;false;mountain;4
5169;244;179;96;land;true;mountain;4
5170;195;76;250;land;false;mountain;5
5171;229;125;209;land;false;plains;3
5172;172;142;195;land;false;desert;4
5173;168;247;133;land;false;mountain;4
5174;169;156;230;land;false;jungle;4
5175;168;164;189;land;false;jungle;4
5176;186;233;220;land;true;plains;4
5177;190;194;198;land;false;plains;3
5178;242;243;101;land;false;mountain;4
5179;192;159;165;land;false;plains;3
5180;61;217;237;land;false;desert;4
5181;54;236;232;land;true;plains;4
5182;228;238;236;land;true;plains;5
5183;194;237;230;land;false;mountain;4
5184;197;193;174;land;false;jungle;4
5185;231;223;188;land;true;plains;4
5186;67;213;240;land;true;plains;5
5187;163;210;170;land;false;jungle;4
5188;122;198;232;land;false;plains;5
5189;90;247;175;land;true;forest;3
5190;247;179;225;land;false;jungle;4
5191;214;80;223;land;true;mountain;4
5192;174;94;233;land;false;desert;4
5193;216;246;45;land;false;mountain;4
5194;153;222;172;land;false;mountain;4
5195;254;79;204;land;false;mountain;4
5196;229;98;206;land;false;mountain;5
5197;187;203;209;land;false;plains;5
5198;238;235;82;land;true;plains;5
5199;203;167;131;land;false;desert;4
5200;235;133;242;land;false;desert;4
5201;223;224;57;land;false;jungle;4
5202;101;232;232;land;false;mountain;5
5203;183;200;158;land;false;desert;4
5204;224;241;137;land;false;mountain;4
5205;205;158;186;land;false;plains;4
5206;132;169;244;land;true;plains;4
5207;190;82;234;land;true;forest;3
5208;171;113;247;land;false;desert;4
5209;63;247;251;land;false;mountain;4
5210;237;215;72;land;true;plains;5
5211;208;82;214;land;true;plains;3
5212;186;157;216;land;true;plains;5
5213;243;140;198;land;true;plains;3
5214;114;249;175;land;false;jungle;4
5215;211;152;170;land;false;forest;5
5216;253;252;158;land;true;plains;3
5217;245;40;226;land;false;forest;5
5218;252;182;249;land;true;plains;3
5219;133;200;204;land;true;plains;3
5220;250;183;214;land;false;desert;4
5221;243;128;159;land;false;desert;4
5222;241;41;241;land;false;jungle;4
5223;227;101;243;land;true;plains;4
5224;223;180;156;land;false;forest;5
5225;248;250;217;land;false;mountain;4
5226;131;213;248;land;false;plains;4
5227;217;184;109;land;true;desert;4
5228;233;196;159;land;true;plains;5
5229;120;212;242;land;true;mountain;3
5230;140;199;242;land;true;plains;5
5231;134;252;170;land;false;mountain;4
5232;225;85;223;land;true;plains;4
5233;206;225;165;land;true;plains;4
5234;254;240;198;land;false;desert;4
5235;236;46;229;land;true;plains;3
5236;158;227;204;land;false;desert;4
5237;211;230;237;land;false;jungle;4
5238;128;220;156;land;false;plains;5
5239;245;195;88;land;false;forest;5
5240;237;126;210;land;false;plains;5
5241;218;141;237;land;false;mountain;3
5242;172;184;187;land;true;plains;5
5243;179;172;223;land;true;plains;5
5244;250;171;98;land;false;desert;4
5245;217;180;196;land;false;mountain;4
5246;252;101;161;land;false;mountain;4
5247;149;249;225;land;true;plains;5
5248;204;213;212;land;false;desert;4
5249;222;227;138;land;false;mountain;4
5250;228;102;253;land;true;plains;4
5251;243;244;102;land;true;plains;3
5252;182;227;178;land;true;forest;3
5253;220;233;143;land;false;plains;5
5254;248;250;224;land;true;mountain;3
5255;191;179;251;land;false;desert;4
5256;173;246;109;land;false;mountain;4
5257;91;242;231;land;true;plains;5
5258;150;219;237;land;true;plains;3
5259;188;180;153;land;false;jungle;4
5260;56;249;228;land;false;mountain;4
5261;227;248;183;land;false;forest;5
5262;253;178;201;land;false;plains;3
5263;241;245;127;land;false;hills;6
5264;186;131;210;land;false;desert;4
5265;251;219;189;land;true;plains;5
5266;213;224;93;land;false;desert;4
5267;74;192;245;land;false;mountain;4
5268;241;153;193;land;false;mountain;4
5269;179;162;221;land;false;desert;4
5270;246;219;111;land;false;mountain;4
5271;189;237;179;land;false;plains;4
5272;175;173;165;land;false;desert;4
5273;194;69;238;land;true;plains;5
5274;254;48;218;land;false;mountain;4
5275;143;184;244;land;true;mountain;3
5276;172;206;152;land;false;mountain;4
5277;248;102;244;land;false;desert;4
5278;158;188;180;land;false;desert;4
5279;247;175;173;land;false;mountain;4
5280;240;98;245;land;true;mountain;3
5281;213;243;65;land;true;plains;3
5282;207;208;231;land;false;desert;4
5283;176;226;193;land;false;mountain;4
5284;199;226;217;land;false;desert;4
5285;229;178;196;land;true;plains;5
5286;198;237;227;land;true;plains;6
5287;238;231;96;land;true;plains;4
5288;191;242;244;land;true;plains;5
5289;202;175;195;land;true;forest;3
5290;200;193;172;land;false;desert;4
5291;216;247;185;land;true;plains;4
5292;173;176;205;land;true;mountain;3
5293;252;131;157;land;false;plains;3
5294;250;227;43;land;false;desert;4
5295;206;159;197;land;false;desert;4
5296;194;211;123;land;false;plains;4
5297;82;184;242;land;false;desert;4
5298;217;196;218;land;true;plains;5
5299;201;137;237;land;false;plains;4
5300;218;157;203;land;true;plains;5
5301;195;221;168;land;true;plains;5
5302;150;245;242;land;true;plains;5
5303;200;121;214;land;true;plains;5
5304;120;228;221;land;false;forest;3
5305;219;254;199;land;true;desert;3
5306;221;106;186;land;true;plains;3
5307;110;230;204;land;true;desert;4
5308;165;180;185;land;true;plains;4
5309;198;199;145;land;true;forest;3
5310;226;148;201;land;true;desert;3
5311;145;235;210;land;false;desert;4
5312;235;226;233;land;false;desert;4
5313;228;244;34;land;false;desert;4
5314;216;81;241;land;true;forest;3
5315;130;148;223;land;true;forest;3
5316;247;147;108;land;true;plains;4
5317;187;184;209;land;true;plains;5
5318;149;237;162;land;true;plains;4
5319;99;253;229;land;true;forest;3
5320;233;191;141;land;true;plains;5
5321;210;208;123;land;true;plains;5
5322;220;149;136;land;false;forest;3
5323;160;150;247;land;true;plains;5
5324;146;254;171;land;true;plains;5
5325;222;203;86;land;true;forest;3
5326;244;112;212;land;true;plains;3
5327;232;213;250;land;true;plains;5
5328;245;192;229;land;true;forest;3
5329;197;202;207;land;true;plains;5
5330;203;94;252;land;true;desert;3
5331;200;239;122;land;true;desert;4
5332;168;137;208;land;true;plains;5
5333;125;165;226;land;true;forest;3
5334;144;227;169;land;true;plains;5
5335;80;253;172;land;false;desert;4
5336;72;233;239;land;true;plains;5
5337;238;165;226;land;false;desert;4
5338;227;233;50;land;false;desert;4
5339;246;209;129;land;true;plains;3
5340;168;193;250;land;true;forest;3
5341;170;118;245;land;true;forest;3
5342;98;246;170;land;true;desert;3
5343;231;152;250;land;true;desert;3
5344;252;81;251;land;true;plains;5
5345;252;46;236;land;true;desert;4
5346;132;196;235;land;false;desert;4
5347;248;210;111;land;false;desert;4
5348;215;252;224;land;false;desert;4
5349;177;229;96;land;true;plains;5
5350;151;244;199;land;true;plains;3
5351;237;122;247;land;true;plains;5
5352;182;181;217;land;true;plains;5
5353;209;210;221;land;false;desert;4
5354;233;252;245;land;false;forest;3
5355;82;211;254;land;true;plains;3
5356;251;251;53;land;true;forest;3
5357;196;247;61;land;false;forest;3
5358;239;179;128;land;true;mountain;3
5359;41;250;229;land;true;plains;5
5360;233;157;212;land;false;desert;4
5361;160;149;223;land;false;desert;4
5362;235;150;171;land;false;desert;4
5363;79;190;232;land;true;desert;4
5364;227;85;210;land;true;forest;3
5365;148;180;244;land;true;plains;5
5366;204;178;125;land;true;forest;3
5367;192;230;245;land;true;plains;5
5368;243;187;189;land;true;forest;3
5369;253;182;173;land;true;plains;3
5370;228;193;93;land;true;plains;5
5371;145;238;127;land;true;plains;5
5372;167;196;165;land;false;mountain;4
5373;232;102;194;land;false;forest;3
5374;252;161;163;land;false;desert;4
5375;137;170;204;land;true;mountain;3
5376;242;191;104;land;true;forest;3
5377;218;57;226;land;true;forest;3
5378;234;139;216;land;true;mountain;3
5379;223;241;180;land;true;forest;3
5380;211;220;178;land;true;plains;5
5381;103;249;225;land;false;desert;4
5382;210;171;236;land;true;plains;3
5383;134;183;239;land;true;forest;3
5384;239;179;109;land;true;plains;3
5385;108;243;213;land;true;plains;3
5386;74;231;251;land;true;plains;5
5387;238;164;197;land;true;plains;3
5388;229;225;110;land;true;mountain;3
5389;241;204;166;land;false;mountain;3
5390;108;237;178;land;true;plains;5
5391;111;214;193;land;true;forest;3
5392;193;212;170;land;false;desert;4
5393;208;163;229;land;true;desert;4
5394;159;181;203;land;true;plains;5
5395;218;231;186;land;false;desert;4
5396;76;228;207;land;true;plains;3
5397;216;136;208;land;true;plains;3
5398;126;204;248;land;true;plains;5
5399;244;108;227;land;true;forest;3
5400;235;141;235;land;true;mountain;3
5401;223;150;179;land;false;desert;4
5402;240;111;157;land;true;mountain;3
5403;210;227;163;land;false;desert;4
5404;195;252;150;land;true;mountain;3
5405;181;247;243;land;false;mountain;3
5406;252;138;247;land;true;plains;3
5407;251;114;180;land;true;plains;5
5408;153;214;225;land;false;plains;5
5409;201;155;247;land;false;plains;5
5410;148;228;154;land;false;desert;4
5411;241;236;227;land;true;plains;3
5412;181;254;101;land;false;mountain;4
5413;232;194;180;land;false;mountain;5
5414;186;239;133;land;false;plains;5
5415;219;110;188;land;true;plains;3
5416;223;152;194;land;true;plains;5
5417;163;254;155;land;true;plains;3
5418;224;166;159;land;true;mountain;3
5419;238;201;183;land;true;plains;5
5420;176;248;201;land;false;plains;5
5421;247;200;155;land;true;forest;3
5422;228;106;252;land;true;mountain;3
5423;232;140;199;land;false;mountain;4
5424;169;169;205;land;true;plains;3
5425;229;244;128;land;false;forest;3
5426;92;184;245;land;false;forest;5
5427;187;177;162;land;true;desert;4
5428;250;206;237;land;false;desert;4
5429;167;235;178;land;true;plains;3
5430;126;248;160;land;false;forest;5
5431;154;240;182;land;false;desert;4
5432;244;196;115;land;false;forest;5
5433;220;124;157;land;false;mountain;3
5434;198;218;187;land;false;plains;5
5435;80;188;239;land;false;mountain;3
5436;192;125;202;land;false;mountain;3
5437;210;230;109;land;true;plains;3
5438;248;161;220;land;false;mountain;3
5439;243;71;242;land;false;desert;4
5440;191;177;169;land;true;plains;5
5441;136;237;171;land;true;desert;4
5442;104;222;222;land;true;mountain;3
5443;151;226;148;land;false;plains;5
5444;235;248;208;land;false;forest;5
5445;72;206;239;land;false;forest;5
5446;158;234;127;land;false;desert;4
5447;117;232;238;land;true;mountain;3
5448;138;253;197;land;false;mountain;3
5449;172;144;221;land;false;mountain;3
5450;215;221;83;land;true;forest;3
5451;184;135;187;land;true;plains;3
5452;90;251;242;land;true;plains;6
5453;244;158;147;land;false;desert;4
5454;216;230;134;land;false;mountain;5
5455;232;220;82;land;false;forest;3
5456;205;195;240;land;true;mountain;3
5457;199;100;234;land;true;mountain;3
5458;187;166;169;land;true;forest;3
5459;242;143;203;land;true;forest;3
5460;190;247;111;land;false;forest;5
5461;217;172;141;land;true;forest;5
5462;162;152;234;land;true;forest;3
5463;108;250;194;land;false;mountain;3
5464;243;191;74;land;false;desert;4
5465;234;252;137;land;false;mountain;4
5466;241;42;238;land;false;mountain;3
5467;174;112;250;land;false;desert;4
5468;219;227;240;land;false;forest;3
5469;197;200;157;land;true;mountain;5
5470;193;136;176;land;false;mountain;5
5471;211;247;119;land;true;plains;3
5472;248;145;193;land;false;forest;3
5473;159;221;132;land;true;forest;3
5474;241;175;160;land;true;forest;3
5475;66;235;206;land;true;plains;5
5476;247;186;98;land;true;forest;3
5477;101;178;254;land;true;plains;3
5478;129;250;174;land;true;forest;3
5479;221;129;162;land;false;mountain;3
5480;151;248;149;land;true;plains;5
5481;207;160;204;land;true;desert;4
5482;75;224;226;land;true;plains;3
5483;133;218;166;land;false;mountain;4
5484;249;73;246;land;true;forest;3
5485;199;174;165;land;true;forest;3
5486;182;144;233;land;true;desert;4
5487;140;173;193;land;false;plains;5
5488;163;202;166;land;false;desert;4
5489;253;175;113;land;false;mountain;4
5490;243;247;106;land;true;forest;3
5491;237;85;254;land;false;forest;5
5492;151;215;244;land;false;mountain;3
5493;234;87;200;land;true;mountain;3
5494;111;245;238;land;true;mountain;3
5495;166;243;235;land;true;forest;3
5496;240;177;126;land;false;mountain;3
5497;228;187;196;land;false;forest;5
5498;190;187;241;land;true;mountain;3
5499;156;224;219;lake;false;forest;0
5500;238;172;91;land;true;mountain;3
5501;244;99;165;land;false;desert;4
5502;251;150;233;land;false;mountain;5
5503;235;135;191;land;false;mountain;4
5504;59;235;244;land;true;forest;3
5505;207;86;252;land;false;mountain;5
5506;250;127;154;land;false;desert;4
5507;235;190;203;land;true;mountain;3
5508;221;203;231;land;true;forest;3
5509;171;218;160;land;false;mountain;5
5510;156;176;198;land;true;mountain;3
5511;155;172;199;land;false;desert;4
5512;222;218;141;land;false;mountain;5
5513;182;163;228;land;false;desert;4
5514;211;248;177;land;false;forest;5
5515;242;238;195;land;true;mountain;3
5516;158;160;196;land;false;forest;5
5517;101;250;178;land;false;mountain;4
5518;184;142;196;land;false;desert;4
5519;178;230;95;land;true;plains;3
5520;156;228;194;land;false;mountain;4
5521;110;226;172;land;false;desert;4
5522;248;184;87;land;false;desert;4
5523;208;139;191;land;false;mountain;6
5524;201;237;88;land;false;desert;4
5525;233;111;215;land;false;desert;4
5526;232;215;253;land;false;mountain;4
5527;188;241;237;land;false;desert;4
5528;117;194;249;land;true;desert;4
5529;211;253;243;land;false;desert;4
5530;108;240;159;land;false;desert;4
5531;209;226;200;land;false;desert;4
5532;250;209;145;land;false;desert;4
5533;180;163;249;land;false;mountain;4
5534;147;153;223;land;true;plains;6
5535;183;157;181;land;false;mountain;4
5536;216;246;212;land;true;mountain;3
5537;183;184;241;land;false;desert;4
5538;86;215;224;land;false;desert;4
5539;179;246;162;land;false;desert;4
5540;87;225;211;land;false;mountain;4
5541;206;243;254;land;true;desert;4
5542;101;241;181;land;false;mountain;4
5543;233;118;170;land;true;desert;4
5544;201;143;254;land;false;mountain;4
5545;235;246;229;land;true;desert;4
5546;218;222;121;land;true;desert;4
5547;176;167;206;land;false;mountain;4
5548;209;187;201;land;true;plains;3
5549;148;236;221;land;true;plains;6
5550;245;222;191;land;true;mountain;4
5551;178;225;237;land;true;mountain;3
5552;214;158;144;land;false;desert;4
5553;121;254;226;land;true;mountain;3
5554;129;233;210;land;true;desert;4
5555;87;215;250;land;false;desert;4
5556;186;163;212;land;true;plains;3
5557;232;63;221;land;false;desert;4
5558;209;223;170;land;false;desert;4
5559;170;196;167;land;true;desert;4
5560;211;185;183;land;true;forest;3
5561;188;211;156;land;false;hills;6
5562;171;238;194;land;true;forest;3
5563;171;207;124;land;true;plains;5
5564;226;86;191;land;false;plains;5
5565;238;65;248;land;false;mountain;3
5566;224;87;227;land;true;plains;5
5567;209;232;117;land;true;forest;3
5568;185;231;250;land;true;forest;3
5569;140;198;203;land;false;plains;1
5570;89;217;226;land;false;mountain;2
5571;201;81;254;land;false;forest;1
5572;222;212;185;land;false;forest;1
5573;225;246;194;land;false;forest;1
5574;180;157;245;land;false;mountain;2
5575;234;61;243;land;false;desert;4
5576;197;167;139;land;true;plains;3
5577;207;250;235;land;true;plains;5
5578;194;163;241;land;true;plains;3
5579;95;254;152;land;true;forest;3
5580;133;222;198;land;true;plains;3
5581;218;162;168;land;true;plains;3
5582;196;242;76;land;true;plains;3
5583;243;185;86;land;true;plains;3
5584;238;234;174;land;true;plains;3
5585;203;202;107;land;true;forest;3
5586;23;10;8;sea;false;ocean;0
5587;16;15;56;sea;true;ocean;0
5588;19;59;13;sea;false;ocean;0
5589;20;7;7;sea;false;ocean;0
5590;9;27;46;sea;false;ocean;0
5591;22;42;0;sea;false;ocean;0
5592;7;51;29;sea;false;ocean;0
5593;50;21;14;sea;false;ocean;0
5594;3;8;31;sea;false;ocean;0
5595;51;13;29;sea;false;ocean;0
5596;4;88;3;sea;false;ocean;0
5597;17;36;33;sea;false;ocean;0
5598;1;1;17;sea;false;ocean;0
5599;6;48;42;sea;false;ocean;0
5600;5;27;38;sea;false;ocean;0
5601;5;12;48;sea;false;ocean;0
5602;5;42;47;sea;false;ocean;0
5603;19;4;76;sea;false;ocean;0
5604;17;37;9;sea;false;ocean;0
5605;58;0;38;sea;false;ocean;0
5606;28;5;65;sea;true;ocean;0
5607;38;2;56;sea;false;ocean;0
5608;42;37;16;sea;false;ocean;0
5609;44;48;7;sea;true;ocean;0
5610;15;58;3;sea;false;ocean;0
5611;35;10;17;sea;false;ocean;0
5612;38;28;31;sea;false;ocean;0
5613;0;25;57;sea;false;ocean;0
5614;13;26;51;sea;false;ocean;0
5615;15;3;5;sea;false;ocean;0
5616;6;15;15;sea;false;ocean;0
5617;24;13;43;sea;false;ocean;0
5618;51;33;7;sea;false;ocean;0
5619;8;13;32;sea;false;ocean;0
5620;13;26;48;sea;false;ocean;0
5621;25;4;60;sea;false;ocean;0
5622;17;4;13;sea;true;ocean;0
5623;11;7;29;sea;false;ocean;0
5624;28;32;0;sea;false;ocean;0
5625;8;31;59;sea;false;ocean;0
5626;19;22;25;sea;false;ocean;0
5627;17;21;26;sea;false;ocean;0
5628;72;3;9;sea;false;ocean;0
5629;55;1;23;sea;false;ocean;0
5630;2;30;7;sea;false;ocean;0
5631;22;12;13;sea;true;ocean;0
5632;29;48;17;sea;false;ocean;0
5633;26;8;24;sea;false;ocean;0
5634;40;27;1;sea;false;ocean;0
5635;42;8;24;sea;true;ocean;0
5636;41;26;16;sea;false;ocean;0
5637;13;24;10;sea;true;ocean;0
5638;7;63;19;sea;false;ocean;0
5639;28;13;44;sea;true;ocean;0
5640;57;7;2;sea;false;ocean;0
5641;49;22;6;sea;false;ocean;0
5642;1;30;8;sea;false;ocean;0
5643;3;65;12;sea;false;ocean;0
5644;22;36;33;sea;false;ocean;0
5645;36;48;10;sea;false;ocean;0
5646;15;9;2;sea;false;ocean;0
5647;28;8;24;sea;false;ocean;0
5648;52;1;5;sea;true;ocean;0
5649;13;0;57;sea;false;ocean;0
5650;17;50;32;sea;false;ocean;0
5651;5;10;4;sea;false;ocean;0
5652;18;20;4;sea;false;ocean;0
5653;83;0;10;sea;false;ocean;0
5654;14;82;0;sea;true;ocean;0
5655;46;4;36;sea;false;ocean;0
5656;44;29;19;sea;false;ocean;0
5657;0;34;7;sea;false;ocean;0
5658;22;26;4;sea;false;ocean;0
5659;6;18;35;sea;false;ocean;0
5660;23;17;37;sea;true;ocean;0
5661;56;5;17;sea;false;ocean;0
5662;0;67;19;sea;false;ocean;0
5663;29;5;33;sea;false;ocean;0
5664;3;5;5;sea;false;ocean;0
5665;71;16;9;sea;false;ocean;0
5666;25;18;52;sea;true;ocean;0
5667;2;85;1;sea;false;ocean;0
5668;24;15;57;sea;false;ocean;0
5669;14;38;43;sea;false;ocean;0
5670;5;74;0;sea;true;ocean;0
5671;20;22;33;sea;false;ocean;0
5672;19;25;43;sea;false;ocean;0
5673;16;29;19;sea;false;ocean;0
5674;25;5;59;sea;false;ocean;0
5675;6;3;60;sea;false;ocean;0
5676;19;4;20;sea;false;ocean;0
5677;7;12;9;sea;true;ocean;0
5678;33;5;29;sea;false;ocean;0
5679;20;40;31;sea;false;ocean;0
5680;52;35;12;sea;false;ocean;0
5681;46;31;8;sea;false;ocean;0
5682;75;1;21;sea;false;ocean;0
5683;21;68;3;sea;false;ocean;0
5684;45;27;16;sea;false;ocean;0
5685;14;60;10;sea;false;ocean;0
5686;6;30;51;sea;false;ocean;0
5687;28;15;45;sea;false;ocean;0
5688;17;6;72;sea;false;ocean;0
5689;62;0;33;sea;false;ocean;0
5690;12;54;10;sea;false;ocean;0
5691;35;23;17;sea;true;ocean;0
5692;17;6;11;sea;false;ocean;0
5693;39;1;20;sea;false;ocean;0
5694;5;22;32;sea;false;ocean;0
5695;7;28;63;sea;false;ocean;0
5696;0;50;21;sea;true;ocean;0
5697;40;8;37;sea;false;ocean;0
5698;27;9;52;sea;false;ocean;0
5699;33;40;25;sea;false;ocean;0
5700;19;54;0;sea;false;ocean;0
5701;14;2;27;sea;false;ocean;0
5702;16;4;60;sea;false;ocean;0
5703;20;29;26;sea;false;ocean;0
5704;15;41;43;sea;false;ocean;0
5705;43;21;0;sea;true;ocean;0
5706;16;11;23;sea;false;ocean;0
5707;7;13;50;sea;false;ocean;0
5708;13;15;61;sea;false;ocean;0
5709;50;27;21;sea;false;ocean;0
5710;38;7;1;sea;false;ocean;0
5711;14;21;52;sea;false;ocean;0
5712;19;16;3;sea;true;ocean;0
5713;28;11;42;sea;false;ocean;0
5714;86;6;3;sea;false;ocean;0
5715;0;37;1;sea;false;ocean;0
5716;32;12;45;sea;false;ocean;0
5717;18;6;73;sea;false;ocean;0
5718;51;22;11;sea;false;ocean;0
5719;14;30;28;sea;false;ocean;0
5720;63;16;6;sea;false;ocean;0
5721;10;69;17;sea;false;ocean;0
5722;30;11;5;sea;false;ocean;0
5723;20;20;19;sea;false;ocean;0
5724;34;5;42;sea;false;ocean;0
5725;48;42;7;sea;false;ocean;0
5726;2;16;76;sea;false;ocean;0
5727;30;55;5;sea;false;ocean;0
5728;48;33;18;sea;false;ocean;0
5729;4;32;39;sea;false;ocean;0
5730;13;18;39;sea;false;ocean;0
5731;23;3;40;sea;false;ocean;0
5732;3;8;41;sea;false;ocean;0
5733;6;8;23;sea;false;ocean;0
5734;23;31;24;sea;false;ocean;0
5735;55;22;4;sea;false;ocean;0
5736;39;37;9;sea;false;ocean;0
5737;12;40;16;sea;false;ocean;0
5738;16;1;65;sea;false;ocean;0
5739;40;34;15;sea;false;ocean;0
5740;54;13;19;sea;false;ocean;0
5741;7;7;46;sea;false;ocean;0
5742;14;47;3;sea;false;ocean;0
5743;67;7;23;sea;false;ocean;0
5744;2;12;2;sea;false;ocean;0
5745;4;20;58;sea;false;ocean;0
5746;57;19;16;sea;true;ocean;0
5747;9;5;54;sea;false;ocean;0
5748;6;35;38;sea;false;ocean;0
5749;29;15;32;sea;false;ocean;0
5750;18;51;5;sea;false;ocean;0
5751;2;61;19;sea;false;ocean;0
5752;36;9;7;sea;true;ocean;0
5753;6;8;41;sea;false;ocean;0
5754;18;0;34;sea;false;ocean;0
5755;33;23;3;sea;false;ocean;0
5756;34;27;12;sea;false;ocean;0
5757;32;30;33;sea;false;ocean;0
5758;35;44;17;sea;false;ocean;0
5759;0;56;32;sea;false;ocean;0
5760;2;29;60;sea;false;ocean;0
5761;18;35;44;sea;false;ocean;0
5762;37;34;18;sea;false;ocean;0
5763;54;1;6;sea;false;ocean;0
5764;22;20;14;sea;false;ocean;0
5765;34;40;3;sea;false;ocean;0
5766;3;15;42;sea;false;ocean;0
5767;14;45;7;sea;false;ocean;0
5768;71;22;3;sea;true;ocean;0
5769;26;4;64;sea;false;ocean;0
5770;20;22;49;sea;false;ocean;0
5771;31;10;9;sea;true;ocean;0
5772;5;4;47;sea;true;ocean;0
5773;17;53;29;sea;true;ocean;0
5774;15;20;51;sea;false;ocean;0
5775;17;2;77;sea;false;ocean;0
5776;8;37;33;sea;false;ocean;0
5777;50;10;34;sea;false;ocean;0
5778;13;23;35;sea;true;ocean;0
5779;15;78;1;sea;false;ocean;0
5780;8;3;50;sea;false;ocean;0
5781;5;57;2;sea;false;ocean;0
5782;16;2;43;sea;false;ocean;0
5783;12;35;9;sea;false;ocean;0
5784;21;5;56;sea;false;ocean;0
5785;15;17;7;sea;false;ocean;0
5786;9;57;20;sea;true;ocean;0
5787;53;8;21;sea;false;ocean;0
5788;5;54;32;sea;false;ocean;0
5789;29;37;6;sea;false;ocean;0
5790;13;29;2;sea;false;ocean;0
5791;52;29;5;sea;false;ocean;0
5792;4;48;38;sea;false;ocean;0
5793;16;61;16;sea;false;ocean;0
5794;12;5;22;sea;false;ocean;0
5795;37;36;24;sea;false;ocean;0
5796;72;17;2;sea;true;ocean;0
5797;10;1;48;sea;false;ocean;0
5798;4;15;39;sea;false;ocean;0
5799;5;63;8;sea;false;ocean;0
5800;28;51;11;sea;true;ocean;0
5801;38;39;8;sea;false;ocean;0
5802;63;18;15;sea;false;ocean;0
5803;55;19;19;sea;false;ocean;0
5804;18;63;5;sea;false;ocean;0
5805;5;46;41;sea;false;ocean;0
5806;30;37;18;sea;false;ocean;0
5807;9;39;17;sea;false;ocean;0
5808;7;32;11;sea;false;ocean;0
5809;54;19;24;sea;false;ocean;0
5810;50;14;20;sea;false;ocean;0
5811;11;2;85;sea;true;ocean;0
5812;26;0;32;sea;false;ocean;0
5813;64;17;7;sea;true;ocean;0
5814;8;88;2;sea;false;ocean;0
5815;4;39;2;sea;false;ocean;0
5816;5;29;24;sea;false;ocean;0
5817;21;50;23;sea;false;ocean;0
5818;35;14;34;sea;false;ocean;0
5819;37;34;10;sea;false;ocean;0
5820;23;37;13;sea;true;ocean;0
5821;12;76;9;sea;true;ocean;0
5822;36;18;9;sea;false;ocean;0
5823;21;31;12;sea;false;ocean;0
5824;15;3;1;sea;false;ocean;0
5825;11;34;10;sea;true;ocean;0
5826;47;47;0;sea;false;ocean;0
5827;16;7;67;sea;false;ocean;0
5828;14;56;21;sea;false;ocean;0
5829;5;62;27;sea;false;ocean;0
5830;32;7;48;sea;false;ocean;0
5831;9;41;42;sea;true;ocean;0
5832;43;1;25;sea;false;ocean;0
5833;23;8;51;sea;false;ocean;0
5834;35;56;1;sea;false;ocean;0
5835;5;5;31;sea;false;ocean;0
5836;0;41;11;sea;false;ocean;0
5837;12;31;36;sea;true;ocean;0
5838;42;20;22;sea;false;ocean;0
5839;18;7;47;sea;false;ocean;0
5840;41;14;3;sea;false;ocean;0
5841;8;69;8;sea;false;ocean;0
5842;23;24;25;sea;false;ocean;0
5843;18;19;17;sea;false;ocean;0
5844;35;10;28;sea;false;ocean;0
5845;3;16;32;sea;false;ocean;0
5846;11;32;23;sea;false;ocean;0
5847;84;8;7;sea;false;ocean;0
5848;21;54;14;sea;true;ocean;0
5849;44;5;42;sea;false;ocean;0
5850;49;40;9;sea;false;ocean;0
5851;53;4;22;sea;false;ocean;0
5852;23;21;45;sea;false;ocean;0
5853;33;49;4;sea;false;ocean;0
5854;59;20;2;sea;false;ocean;0
5855;10;11;24;sea;false;ocean;0
5856;9;32;6;sea;false;ocean;0
5857;22;16;28;sea;true;ocean;0
5858;43;13;23;sea;false;ocean;0
5859;38;6;7;sea;false;ocean;0
5860;19;19;29;sea;false;ocean;0
5861;13;8;3;sea;false;ocean;0
5862;4;14;61;sea;false;ocean;0
5863;35;23;8;sea;true;ocean;0
5864;26;45;5;sea;false;ocean;0
5865;14;30;49;sea;false;ocean;0
5866;30;32;2;sea;false;ocean;0
5867;36;11;39;sea;false;ocean;0
5868;2;66;3;sea;false;ocean;0
5869;18;55;8;sea;true;ocean;0
5870;30;8;27;sea;true;ocean;0
5871;2;33;5;sea;false;ocean;0
5872;7;39;29;sea;false;ocean;0
5873;17;10;30;sea;true;ocean;0
5874;0;51;36;sea;true;ocean;0
5875;31;20;24;sea;false;ocean;0
5876;4;53;28;sea;true;ocean;0
5877;15;22;36;sea;true;ocean;0
5878;30;48;4;sea;true;ocean;0
5879;76;16;0;sea;false;ocean;0
5880;0;71;21;sea;true;ocean;0
5881;83;2;1;sea;false;ocean;0
5882;12;12;44;sea;false;ocean;0
5883;5;56;32;sea;false;ocean;0
5884;21;22;22;sea;false;ocean;0
5885;3;20;3;sea;false;ocean;0
5886;1;20;54;sea;false;ocean;0
5887;15;11;69;sea;false;ocean;0
5888;45;12;17;sea;false;ocean;0
5889;31;16;16;sea;true;ocean;0
5890;4;0;32;sea;false;ocean;0
5891;44;13;32;sea;false;ocean;0
5892;31;26;13;sea;false;ocean;0
5893;2;10;41;sea;false;ocean;0
5894;51;17;1;sea;false;ocean;0
5895;3;2;36;sea;false;ocean;0
5896;42;23;16;sea;false;ocean;0
5897;50;10;9;sea;false;ocean;0
5898;52;13;22;sea;false;ocean;0
5899;9;55;21;sea;false;ocean;0
5900;13;26;6;sea;false;ocean;0
5901;10;21;63;sea;false;ocean;0
5902;11;27;40;sea;false;ocean;0
5903;37;27;23;sea;false;ocean;0
5904;16;9;60;sea;false;ocean;0
5905;3;79;15;sea;false;ocean;0
5906;4;60;5;sea;false;ocean;0
5907;34;12;19;sea;false;ocean;0
5908;11;69;7;sea;true;ocean;0
5909;32;8;47;sea;true;ocean;0
5910;32;2;11;sea;false;ocean;0
5911;9;63;14;sea;true;ocean;0
5912;36;56;3;sea;true;ocean;0
5913;43;3;36;sea;false;ocean;0
5914;18;39;39;sea;false;ocean;0
5915;6;9;10;sea;true;ocean;0
5916;5;85;9;sea;false;ocean;0
5917;6;0;59;sea;false;ocean;0
5918;2;3;9;sea;false;ocean;0
5919;1;7;79;sea;false;ocean;0
5920;58;25;9;sea;true;ocean;0
5921;45;25;24;sea;false;ocean;0
5922;4;46;4;sea;true;ocean;0
5923;5;0;23;lake;false;plains;0
5924;15;30;21;sea;false;ocean;0
5925;5;58;19;sea;false;ocean;0
5926;69;22;1;sea;false;ocean;0
5927;62;20;15;sea;false;ocean;0
5928;51;2;0;sea;true;ocean;0
5929;6;46;45;sea;true;ocean;0
5930;21;8;68;sea;false;ocean;0
5931;68;1;11;sea;true;ocean;0
5932;17;53;8;sea;false;ocean;0
5933;33;29;29;sea;false;ocean;0
5934;9;9;69;sea;true;ocean;0
5935;33;24;17;sea;true;ocean;0
5936;4;11;45;sea;false;ocean;0
5937;36;27;19;sea;false;ocean;0
5938;23;0;5;sea;false;ocean;0
5939;19;24;36;sea;false;ocean;0
5940;50;31;16;sea;false;ocean;0
5941;29;7;18;sea;false;ocean;0
5942;11;40;42;sea;false;ocean;0
5943;10;31;20;sea;true;ocean;0
5944;5;55;9;sea;false;ocean;0
5945;4;9;39;sea;false;ocean;0
5946;34;27;1;sea;true;ocean;0
5947;26;14;50;sea;false;ocean;0
5948;29;12;11;sea;false;ocean;0
5949;12;11;27;sea;false;ocean;0
5950;21;26;1;sea;false;ocean;0
5951;21;16;2;sea;false;ocean;0
5952;90;6;1;sea;false;ocean;0
5953;9;29;54;sea;false;ocean;0
5954;17;40;33;sea;true;ocean;0
5955;19;5;46;sea;true;ocean;0
5956;33;17;36;sea;true;ocean;0
5957;30;5;29;sea;false;ocean;0
5958;16;31;11;sea;false;ocean;0
5959;15;9;50;sea;false;ocean;0
5960;9;26;51;sea;false;ocean;0
5961;20;5;22;sea;false;ocean;0
5962;8;25;62;sea;true;ocean;0
5963;8;51;17;sea;false;ocean;0
5964;7;3;89;sea;false;ocean;0
5965;6;41;49;sea;false;ocean;0
5966;41;7;26;sea;false;ocean;0
5967;19;18;39;sea;false;ocean;0
5968;53;26;8;sea;true;ocean;0
5969;21;0;75;sea;false;ocean;0
5970;6;49;1;sea;true;ocean;0
5971;34;30;29;sea;false;ocean;0
5972;10;65;22;sea;false;ocean;0
5973;10;0;17;sea;false;ocean;0
5974;3;59;35;sea;true;ocean;0
5975;76;17;0;sea;false;ocean;0
5976;4;23;17;sea;true;ocean;0
5977;20;42;28;sea;false;ocean;0
5978;49;32;6;sea;false;ocean;0
5979;29;13;28;sea;false;ocean;0
5980;11;61;21;sea;false;ocean;0
5981;32;49;17;sea;false;ocean;0
5982;2;9;71;sea;false;ocean;0
5983;24;34;28;sea;false;ocean;0
5984;11;83;0;sea;false;ocean;0
5985;2;33;51;sea;false;ocean;0
5986;4;41;2;sea;false;ocean;0
5987;46;25;0;sea;false;ocean;0
5988;44;35;3;sea;false;ocean;0
5989;9;24;21;sea;false;ocean;0
5990;54;7;34;sea;false;ocean;0
5991;25;49;23;sea;false;ocean;0
5992;13;11;57;sea;false;ocean;0
5993;5;56;6;sea;true;ocean;0
5994;7;26;63;sea;false;ocean;0
5995;47;33;7;sea;false;ocean;0
5996;55;0;18;sea;false;ocean;0
5997;11;27;55;sea;false;ocean;0
5998;32;6;33;sea;false;ocean;0
5999;40;25;5;sea;true;ocean;0
6000;5;51;26;sea;false;ocean;0
6001;17;51;18;sea;false;ocean;0
6002;48;3;19;sea;true;ocean;0
6003;32;24;7;sea;false;ocean;0
6004;34;20;18;sea;false;ocean;0
6005;8;32;38;sea;false;ocean;0
6006;16;17;53;sea;false;ocean;0
6007;37;35;8;sea;false;ocean;0
6008;15;42;27;sea;false;ocean;0
6009;1;25;41;lake;false;plains;0
6010;2;5;60;sea;false;ocean;0
6011;31;3;64;sea;false;ocean;0
6012;13;62;2;sea;false;ocean;0
6013;34;11;38;sea;false;ocean;0
6014;9;52;32;sea;false;ocean;0
6015;65;28;0;sea;false;ocean;0
6016;0;12;64;sea;false;ocean;0
6017;30;44;8;sea;false;ocean;0
6018;48;3;42;sea;true;ocean;0
6019;18;2;29;sea;false;ocean;0
6020;29;42;21;sea;false;ocean;0
6021;8;24;30;sea;false;ocean;0
6022;39;27;21;sea;false;ocean;0
6023;9;32;40;sea;true;ocean;0
6024;13;2;79;sea;false;ocean;0
6025;43;15;22;land;false;mountain;2
6026;13;48;15;sea;false;ocean;0
6027;0;15;2;sea;false;ocean;0
6028;80;17;1;sea;false;ocean;0
6029;0;23;73;sea;true;ocean;0
6030;15;32;21;sea;false;ocean;0
6031;42;1;49;sea;false;ocean;0
6032;37;28;11;sea;false;ocean;0
6033;13;0;36;sea;true;ocean;0
6034;45;28;12;sea;true;ocean;0
6035;8;20;26;sea;false;ocean;0
6036;26;21;30;sea;false;ocean;0
6037;20;57;7;sea;true;ocean;0
6038;11;44;9;sea;false;ocean;0
6039;7;50;16;sea;false;ocean;0
6040;7;6;57;sea;false;ocean;0
6041;10;57;3;sea;true;ocean;0
6042;43;17;37;sea;false;ocean;0
6043;31;13;50;sea;true;ocean;0
6044;13;51;14;sea;true;ocean;0
6045;32;15;2;sea;false;ocean;0
6046;13;41;18;sea;false;ocean;0
6047;8;31;56;sea;true;ocean;0
6048;2;9;20;sea;true;ocean;0
6049;11;27;9;sea;true;ocean;0
6050;30;34;20;sea;false;ocean;0
6051;24;31;3;sea;false;ocean;0
6052;2;70;8;sea;true;ocean;0
6053;5;22;42;sea;false;ocean;0
6054;23;29;11;sea;false;ocean;0
6055;1;50;27;sea;false;ocean;0
6056;11;42;40;sea;false;ocean;0
6057;21;10;39;lake;false;plains;0
6058;9;74;8;sea;true;ocean;0
6059;45;10;18;sea;false;ocean;0
6060;8;6;0;sea;false;ocean;0
6061;30;25;14;sea;true;ocean;0
6062;0;23;61;sea;false;ocean;0
6063;55;33;2;sea;false;ocean;0
6064;11;31;1;sea;true;ocean;0
6065;1;9;17;sea;true;ocean;0
6066;25;27;9;sea;false;ocean;0
6067;21;37;41;sea;true;ocean;0
6068;22;24;37;sea;true;ocean;0
6069;22;27;46;sea;false;ocean;0
6070;72;4;0;sea;false;ocean;0
6071;41;15;3;sea;false;ocean;0
6072;31;1;62;sea;true;ocean;0
6073;30;33;9;sea;false;ocean;0
6074;29;0;68;sea;true;ocean;0
6075;21;46;8;sea;false;ocean;0
6076;19;27;12;sea;true;ocean;0
6077;17;37;36;sea;false;ocean;0
6078;32;32;24;sea;false;ocean;0
6079;31;25;27;sea;false;ocean;0
6080;3;1;76;sea;true;ocean;0
6081;26;56;14;sea;false;ocean;0
6082;14;2;79;sea;true;ocean;0
6083;0;38;5;sea;false;ocean;0
6084;0;41;2;sea;false;ocean;0
6085;15;33;40;sea;true;ocean;0
6086;48;42;1;sea;true;ocean;0
6087;21;3;25;sea;false;ocean;0
6088;7;25;60;sea;false;ocean;0
6089;45;22;8;sea;false;ocean;0
6090;21;24;2;sea;true;ocean;0
6091;3;13;53;sea;true;ocean;0
6092;17;41;11;sea;false;ocean;0
6093;66;9;20;sea;true;ocean;0
6094;27;37;5;sea;false;ocean;0
6095;4;61;30;sea;true;ocean;0
6096;5;26;36;sea;false;ocean;0
6097;34;31;17;sea;false;ocean;0
6098;11;18;48;sea;false;ocean;0
6099;41;8;36;lake;false;plains;0
6100;25;4;0;sea;false;ocean;0
6101;22;15;6;sea;false;ocean;0
6102;2;48;29;sea;false;ocean;0
6103;32;18;18;sea;true;ocean;0
6104;29;59;7;sea;true;ocean;0
6105;36;27;1;sea;false;ocean;0
6106;12;46;20;sea;true;ocean;0
6107;14;11;36;sea;true;ocean;0
6108;33;32;30;sea;false;ocean;0
6109;14;26;52;sea;true;ocean;0
6110;43;3;48;sea;false;ocean;0
6111;23;33;7;sea;true;ocean;0
6112;51;18;5;sea;true;ocean;0
6113;2;22;36;sea;false;ocean;0
6114;23;2;56;sea;false;ocean;0
6115;8;65;10;sea;false;ocean;0
6116;5;3;76;sea;true;ocean;0
6117;9;8;21;sea;false;ocean;0
6118;3;32;50;sea;false;ocean;0
6119;13;26;59;sea;true;ocean;0
6120;23;10;1;sea;false;ocean;0
6121;25;73;0;sea;true;ocean;0
6122;18;62;8;sea;true;ocean;0
6123;29;2;16;sea;false;ocean;0
6124;8;72;9;sea;false;ocean;0
6125;42;40;6;sea;true;ocean;0
6126;28;8;23;sea;false;ocean;0
6127;53;16;21;sea;true;ocean;0
6128;15;39;39;sea;false;ocean;0
6129;1;11;87;sea;false;ocean;0
6130;43;20;21;sea;false;ocean;0
6131;34;59;1;sea;true;ocean;0
6132;1;8;54;sea;false;ocean;0
6133;50;35;2;sea;false;ocean;0
6134;16;46;35;sea;false;ocean;0
6135;17;12;10;sea;false;ocean;0
6136;41;7;1;sea;false;ocean;0
6137;9;43;2;sea;false;ocean;0
6138;45;2;18;sea;true;ocean;0
6139;134;16;121;land;false;plains;4
6140;8;3;32;sea;false;ocean;0
6141;31;0;27;sea;false;ocean;0
6142;28;2;42;sea;false;ocean;0
6143;4;17;49;sea;true;ocean;0
6144;6;35;6;sea;true;ocean;0
6145;16;36;13;sea;false;ocean;0
6146;8;9;55;sea;false;ocean;0
6147;43;15;41;sea;true;ocean;0
6148;10;12;61;sea;true;ocean;0
6149;1;29;20;sea;false;ocean;0
6150;17;45;9;sea;false;ocean;0
6151;23;0;16;sea;false;ocean;0
6152;34;21;18;sea;false;ocean;0
6153;26;7;51;sea;false;ocean;0
6154;34;36;22;sea;true;ocean;0
6155;6;63;10;sea;true;ocean;0
6156;29;4;55;sea;false;ocean;0
6157;8;6;3;sea;true;ocean;0
6158;12;55;18;sea;false;ocean;0
6159;30;42;10;sea;false;ocean;0
6160;22;7;70;sea;true;ocean;0
6161;18;22;55;sea;false;ocean;0
6162;20;40;29;sea;false;ocean;0
6163;20;9;2;sea;false;ocean;0
6164;30;10;28;sea;false;ocean;0
6165;1;55;26;sea;true;ocean;0
6166;2;29;54;sea;false;ocean;0
6167;17;29;10;sea;false;ocean;0
6168;56;3;26;sea;false;ocean;0
6169;28;14;29;sea;false;ocean;0
6170;7;66;24;sea;true;ocean;0
6171;30;1;49;sea;false;ocean;0
6172;77;3;18;sea;false;ocean;0
6173;21;71;0;sea;false;ocean;0
6174;25;44;3;lake;false;plains;0
6175;54;10;12;sea;true;ocean;0
6176;67;3;28;sea;false;ocean;0
6177;11;20;63;sea;false;ocean;0
6178;17;60;7;sea;false;ocean;0
6179;10;36;19;sea;false;ocean;0
6180;14;54;14;sea;false;ocean;0
6181;29;15;5;sea;true;ocean;0
6182;30;4;13;sea;false;ocean;0
6183;21;34;38;sea;true;ocean;0
6184;18;42;38;sea;false;ocean;0
6185;10;28;56;sea;true;ocean;0
6186;35;44;2;sea;false;ocean;0
6187;2;16;60;sea;false;ocean;0
6188;10;65;21;sea;false;ocean;0
6189;3;82;9;sea;true;ocean;0
6190;12;36;26;sea;false;ocean;0
6191;21;26;9;sea;true;ocean;0
6192;41;29;4;sea;false;ocean;0
6193;32;22;45;sea;false;ocean;0
6194;45;26;2;sea;true;ocean;0
6195;19;10;42;sea;false;ocean;0
6196;35;36;6;sea;false;ocean;0
6197;5;43;29;sea;false;ocean;0
6198;29;20;31;sea;false;ocean;0
6199;72;13;9;sea;true;ocean;0
6200;8;12;22;sea;true;ocean;0
6201;36;47;11;sea;false;ocean;0
6202;22;40;15;sea;false;ocean;0
6203;68;8;3;sea;true;ocean;0
6204;12;69;15;sea;true;ocean;0
6205;39;34;3;sea;false;ocean;0
6206;13;5;74;sea;true;ocean;0
6207;36;18;4;sea;false;ocean;0
6208;13;20;52;sea;false;ocean;0
6209;27;13;54;sea;false;ocean;0
6210;31;1;37;sea;true;ocean;0
6211;39;13;33;sea;true;ocean;0
6212;64;8;11;sea;true;ocean;0
6213;22;10;43;sea;false;ocean;0
6214;5;10;39;sea;false;ocean;0
6215;1;8;72;sea;true;ocean;0
6216;19;60;1;sea;true;ocean;0
6217;12;4;20;sea;true;ocean;0
6218;7;88;0;sea;false;ocean;0
6219;12;39;2;lake;false;mountain;0
6220;84;4;5;lake;false;plains;0
6221;17;41;23;sea;true;ocean;0
6222;34;25;22;sea;false;ocean;0
6223;1;69;4;sea;false;ocean;0
6224;45;22;22;sea;false;ocean;0
6225;19;21;50;sea;true;ocean;0
6226;8;27;8;sea;false;ocean;0
6227;14;8;63;sea;false;ocean;0
6228;21;25;29;sea;false;ocean;0
6229;2;45;7;sea;false;ocean;0
6230;10;37;35;sea;false;ocean;0
6231;50;32;6;sea;false;ocean;0
6232;36;41;14;sea;true;ocean;0
6233;25;72;2;sea;false;ocean;0
6234;21;44;9;sea;true;ocean;0
6235;15;30;49;sea;true;ocean;0
6236;42;3;47;sea;false;ocean;0
6237;42;14;5;sea;false;ocean;0
6238;65;2;0;sea;false;ocean;0
6239;18;21;31;sea;false;ocean;0
6240;17;5;56;sea;true;ocean;0
6241;46;0;31;sea;false;ocean;0
6242;36;14;36;sea;false;ocean;0
6243;40;9;46;lake;false;plains;0
6244;33;5;34;sea;true;ocean;0
6245;31;34;18;sea;false;ocean;0
6246;1;32;57;sea;false;ocean;0
6247;6;41;2;sea;true;ocean;0
6248;42;6;23;sea;false;ocean;0
6249;14;76;8;sea;false;ocean;0
6250;52;38;5;lake;false;plains;0
6251;42;40;7;sea;true;ocean;0
6252;0;84;0;sea;false;ocean;0
6253;45;19;20;sea;true;ocean;0
6254;33;11;44;sea;false;ocean;0
6255;41;43;11;sea;false;ocean;0
6256;0;43;1;sea;true;ocean;0
6257;59;1;3;sea;false;ocean;0
6258;9;72;16;sea;false;ocean;0
6259;15;6;7;sea;false;ocean;0
6260;3;53;38;sea;false;ocean;0
6261;21;24;17;sea;false;ocean;0
6262;59;30;2;sea;false;ocean;0
6263;53;27;7;sea;true;ocean;0
6264;24;35;14;sea;false;ocean;0
6265;35;11;39;sea;true;ocean;0
6266;0;10;53;sea;true;ocean;0
6267;10;16;18;sea;false;ocean;0
6268;7;4;46;sea;false;ocean;0
6269;8;18;15;sea;true;ocean;0
6270;58;15;6;sea;true;ocean;0
6271;33;36;11;sea;false;ocean;0
6272;35;12;28;sea;false;ocean;0
6273;12;44;8;sea;false;ocean;0
6274;14;7;17;sea;false;ocean;0
6275;39;46;14;sea;false;ocean;0
6276;64;7;22;sea;true;ocean;0
6277;14;17;26;sea;true;ocean;0
6278;32;42;23;sea;false;ocean;0
6279;15;27;39;sea;true;ocean;0
6280;10;31;31;sea;true;ocean;0
6281;24;7;1;sea;false;ocean;0
6282;15;35;12;sea;false;ocean;0
6283;3;15;20;sea;false;ocean;0
6284;11;38;15;sea;true;ocean;0
6285;20;1;2;sea;false;ocean;0
6286;68;5;23;sea;false;ocean;0
6287;42;21;9;sea;false;ocean;0
6288;5;3;13;sea;true;ocean;0
6289;42;3;26;sea;false;ocean;0
6290;20;28;16;sea;true;ocean;0
6291;48;39;11;sea;false;ocean;0
6292;48;16;23;sea;false;ocean;0
6293;14;1;36;sea;true;ocean;0
6294;39;31;14;sea;true;ocean;0
6295;8;41;19;sea;false;ocean;0
6296;55;6;18;sea;true;ocean;0
6297;81;7;6;sea;false;ocean;0
6298;37;0;25;sea;true;ocean;0
6299;23;63;11;sea;true;ocean;0
6300;27;7;45;sea;false;ocean;0
6301;0;18;17;sea;false;ocean;0
6302;1;17;61;sea;false;ocean;0
6303;4;34;7;sea;false;ocean;0
6304;43;9;1;sea;true;ocean;0
6305;19;28;17;sea;false;ocean;0
6306;5;42;44;sea;true;ocean;0
6307;26;44;19;sea;false;ocean;0
6308;7;1;13;sea;true;ocean;0
6309;87;4;4;sea;false;ocean;0
6310;58;2;3;sea;true;ocean;0
6311;18;10;46;sea;false;ocean;0
6312;6;7;59;sea;false;ocean;0
6313;7;4;88;sea;false;ocean;0
6314;20;45;28;sea;true;ocean;0
6315;3;59;18;sea;false;ocean;0
6316;0;65;27;sea;true;ocean;0
6317;36;7;27;sea;true;ocean;0
6318;17;29;4;sea;true;ocean;0
6319;1;5;32;sea;false;ocean;0
6320;1;9;16;sea;true;ocean;0
6321;34;12;34;sea;true;ocean;0
6322;17;21;37;sea;false;ocean;0
6323;27;59;5;sea;false;ocean;0
6324;63;1;6;lake;false;plains;0
6325;35;42;14;sea;true;ocean;0
6326;8;35;48;sea;false;ocean;0
6327;6;38;38;sea;false;ocean;0
6328;20;13;10;sea;false;ocean;0
6329;12;14;68;sea;true;ocean;0
6330;8;25;41;sea;false;ocean;0
6331;4;49;26;sea;false;ocean;0
6332;7;13;46;sea;true;ocean;0
6333;13;14;70;sea;true;ocean;0
6334;11;40;30;sea;true;ocean;0
6335;16;27;56;sea;false;ocean;0
6336;70;1;18;sea;false;ocean;0
6337;5;1;37;sea;false;ocean;0
6338;17;3;13;sea;false;ocean;0
6339;26;15;25;sea;false;ocean;0
6340;0;11;76;sea;false;ocean;0
6341;16;45;21;sea;false;ocean;0
6342;56;14;24;sea;true;ocean;0
6343;8;43;24;sea;true;ocean;0
6344;35;5;55;sea;true;ocean;0
6345;15;25;57;sea;true;ocean;0
6346;17;34;15;sea;false;ocean;0
6347;62;15;22;sea;true;ocean;0
6348;10;41;4;sea;true;ocean;0
6349;5;30;7;sea;false;ocean;0
6350;65;3;14;sea;true;ocean;0
6351;4;60;33;sea;false;ocean;0
6352;21;3;75;sea;false;ocean;0
6353;52;2;0;sea;false;ocean;0
6354;34;37;14;sea;false;ocean;0
6355;18;43;10;sea;false;ocean;0
6356;74;0;16;sea;false;ocean;0
6357;5;18;0;sea;false;ocean;0
6358;7;10;60;sea;false;ocean;0
6359;9;21;5;sea;false;ocean;0
6360;3;0;70;sea;false;ocean;0
6361;33;10;50;sea;true;ocean;0
6362;24;18;2;sea;false;ocean;0
6363;13;2;81;sea;false;ocean;0
6364;32;14;19;sea;true;ocean;0
6365;52;5;13;sea;false;ocean;0
6366;42;19;36;sea;true;ocean;0
6367;18;1;5;sea;true;ocean;0
6368;22;68;8;sea;false;ocean;0
6369;12;32;33;sea;true;ocean;0
6370;18;3;12;sea;true;ocean;0
6371;37;48;11;sea;false;ocean;0
6372;23;22;45;sea;false;ocean;0
6373;41;41;2;sea;false;ocean;0
6374;27;16;19;sea;false;ocean;0
6375;14;11;74;sea;false;ocean;0
6376;9;42;47;sea;false;ocean;0
6377;54;27;4;sea;false;ocean;0
6378;1;79;16;sea;true;ocean;0
6379;22;44;24;sea;true;ocean;0
6380;30;7;50;sea;false;ocean;0
6381;14;16;18;sea;false;ocean;0
6382;22;18;11;sea;false;ocean;0
6383;18;19;42;sea;false;ocean;0
6384;25;49;22;sea;false;ocean;0
6385;27;47;10;sea;false;ocean;0
6386;3;21;30;sea;false;ocean;0
6387;34;27;0;lake;false;plains;0
6388;214;6;218;land;false;plains;1
6389;10;146;139;land;false;plains;1
6390;140;43;50;land;false;plains;2
6391;93;1;1;land;false;plains;1
6392;27;190;3;land;true;plains;2
6393;140;120;21;land;false;plains;2
6394;5;30;140;land;false;desert;4
6395;130;131;119;land;false;desert;4
6396;160;27;151;land;false;plains;2
6397;30;170;130;land;false;plains;4
6398;63;190;140;land;false;plains;2
6399;28;33;20;lake;false;lakes;0
6400;4;8;255;land;false;plains;2
6401;13;129;127;land;false;plains;4
6402;160;250;160;land;false;plains;2
6403;40;127;140;land;true;plains;5
6404;112;127;131;land;false;plains;2
6405;7;219;56;land;false;plains;2
6406;70;100;220;land;false;plains;4
6407;147;32;34;land;false;plains;4
6408;126;48;120;land;false;jungle;4
6409;143;100;37;land;false;plains;4
6410;17;3;173;land;false;plains;4
6411;3;27;52;lake;false;plains;0
6412;109;38;22;land;false;desert;4
6413;248;210;160;land;true;plains;5
6414;253;152;135;land;false;plains;5
6415;230;225;53;land;true;plains;5
6416;183;194;170;land;true;plains;5
6417;139;144;229;land;true;plains;5
6418;185;157;203;land;true;plains;5
6419;204;164;138;land;true;plains;5
6420;196;252;192;land;true;plains;5
6421;233;161;213;land;true;plains;5
6422;109;222;183;land;true;plains;5
6423;220;201;221;land;true;plains;5
6424;198;141;191;land;true;plains;5
6425;217;248;141;land;true;plains;5
6426;75;225;228;land;true;plains;5
6427;239;252;165;land;true;plains;5
6428;116;224;162;land;true;plains;5
6429;213;205;157;land;true;plains;5
6430;224;228;161;land;true;plains;5
6431;152;217;239;land;true;plains;5
6432;187;92;243;land;true;plains;5
6433;31;240;238;land;true;plains;5
6434;193;125;254;land;true;plains;5
6435;146;210;240;land;true;plains;5
6436;205;93;226;land;true;plains;5
6437;144;238;142;land;false;plains;5
6438;187;160;211;land;false;plains;5
6439;253;220;241;land;false;plains;5
6440;213;210;180;land;true;plains;5
6441;248;167;106;land;true;plains;5
6442;233;79;208;land;true;plains;5
6443;159;172;226;land;false;forest;5
6444;209;220;106;land;true;plains;5
6445;146;221;204;land;true;plains;5
6446;251;148;228;land;true;plains;5
6447;139;243;194;land;true;plains;5
6448;237;236;239;land;true;plains;5
6449;221;246;173;land;false;plains;5
6450;230;218;128;land;false;plains;5
6451;115;179;208;land;false;plains;5
6452;241;164;163;land;true;plains;5
6453;204;195;116;land;false;forest;5
6454;78;244;236;land;true;plains;5
6455;253;95;253;land;false;plains;5
6456;211;111;207;land;true;plains;5
6457;148;162;197;land;false;forest;5
6458;120;168;249;land;false;plains;5
6459;234;105;212;land;true;plains;5
6460;178;237;200;land;true;plains;5
6461;241;169;113;land;true;plains;5
6462;235;243;23;land;false;plains;5
6463;250;57;217;land;false;plains;5
6464;197;165;226;land;false;plains;5
6465;119;235;157;land;true;plains;5
6466;245;148;230;land;false;mountain;5
6467;221;244;135;land;true;plains;5
6468;204;85;236;land;true;plains;5
6469;171;218;212;land;false;plains;5
6470;211;217;172;land;false;plains;5
6471;172;225;177;land;true;plains;5
6472;179;138;249;land;false;hills;5
6473;44;247;242;land;true;plains;5
6474;175;177;210;land;true;plains;5
6475;240;125;152;land;false;plains;5
6476;117;181;244;land;false;plains;5
6477;227;168;180;land;true;plains;5
6478;212;90;242;land;true;plains;5
6479;220;101;213;land;false;forest;5
6480;172;141;195;land;false;mountain;5
6481;217;225;114;land;true;plains;5
6482;207;115;184;land;false;plains;5
6483;61;247;236;land;false;plains;5
6484;182;219;233;land;true;plains;5
6485;230;137;197;land;false;plains;5
6486;86;231;212;land;false;mountain;5
6487;213;179;149;land;false;forest;5
6488;219;109;244;land;false;mountain;5
6489;221;225;88;land;true;plains;5
6490;148;233;134;land;true;plains;5
6491;202;173;246;land;true;plains;5
6492;212;85;233;land;true;plains;5
6493;162;232;248;land;true;plains;5
6494;205;240;229;land;true;plains;5
6495;161;197;232;land;false;plains;5
6496;140;212;203;land;false;plains;5
6497;179;177;186;land;false;hills;5
6498;248;160;128;land;true;plains;5
6499;71;241;246;land;true;plains;5
6500;240;44;225;land;false;plains;5
6501;217;131;160;land;true;plains;5
6502;204;80;241;land;true;plains;5
6503;227;164;243;land;true;plains;5
6504;146;209;160;land;true;plains;5
6505;197;194;251;land;true;plains;5
6506;106;174;254;land;false;forest;5
6507;253;238;84;land;false;mountain;5
6508;194;173;134;land;false;plains;5
6509;223;215;215;land;false;plains;5
6510;226;200;219;land;false;plains;5
6511;142;229;209;land;true;plains;5
6512;184;225;191;land;true;plains;5
6513;133;198;192;land;false;plains;5
6514;150;250;181;land;false;plains;5
6515;182;149;219;land;true;plains;5
6516;252;60;250;land;false;plains;5
6517;169;170;164;land;true;plains;5
6518;137;139;225;land;false;plains;5
6519;134;227;237;land;true;plains;5
6520;172;189;162;land;true;plains;5
6521;164;217;124;land;false;plains;5
6522;233;115;252;land;false;mountain;5
6523;242;67;227;land;false;mountain;5
6524;163;205;181;land;false;plains;5
6525;225;196;206;land;true;plains;5
6526;201;119;206;land;false;hills;5
6527;92;201;223;land;false;plains;5
6528;227;151;173;land;true;plains;5
6529;251;51;202;land;true;plains;5
6530;252;116;197;land;false;plains;5
6531;234;206;130;land;false;plains;5
6532;226;96;237;land;false;plains;5
6533;126;197;191;land;false;forest;5
6534;147;209;214;land;false;plains;5
6535;173;251;175;land;true;plains;5
6536;217;231;242;land;false;plains;5
6537;161;208;148;land;false;plains;5
6538;177;231;229;land;false;mountain;5
6539;193;233;172;land;false;mountain;5
6540;204;178;121;land;false;plains;5
6541;129;189;186;land;false;mountain;5
6542;189;231;180;land;false;plains;5
6543;219;134;164;land;false;forest;5
6544;20;230;251;land;false;plains;5
6545;192;202;138;land;false;plains;5
6546;220;104;213;land;false;plains;5
6547;179;114;245;land;false;mountain;5
6548;180;196;218;land;false;mountain;5
6549;82;218;214;land;true;plains;5
6550;71;226;254;land;true;plains;5
6551;164;183;234;land;false;plains;5
6552;225;233;59;land;false;plains;5
6553;151;243;222;land;true;plains;5
6554;79;193;230;land;false;plains;5
6555;172;103;235;land;false;plains;5
6556;31;233;239;land;false;mountain;5
6557;207;242;214;land;false;mountain;5
6558;187;192;211;land;false;plains;5
6559;249;235;227;land;false;plains;5
6560;144;182;237;land;false;plains;5
6561;247;229;49;land;true;plains;5
6562;208;81;234;land;false;mountain;5
6563;120;246;171;land;false;hills;5
6564;221;227;160;land;false;forest;5
6565;250;160;177;land;false;forest;5
6566;71;252;214;land;true;plains;5
6567;206;44;252;land;true;plains;5
6568;126;228;165;land;true;plains;5
6569;254;141;124;land;true;plains;5
6570;223;241;185;land;false;plains;5
6571;116;185;244;land;false;plains;5
6572;188;162;188;land;false;plains;5
6573;244;117;236;land;false;forest;5
6574;64;237;254;land;false;plains;5
6575;194;236;196;land;false;plains;5
6576;245;94;224;land;false;mountain;5
6577;226;228;127;land;true;forest;5
6578;244;108;223;land;false;plains;5
6579;97;207;251;land;false;plains;5
6580;214;114;203;land;false;mountain;5
6581;215;235;51;land;false;mountain;5
6582;202;231;224;land;true;plains;5
6583;250;141;165;land;false;plains;5
6584;153;250;142;land;false;forest;5
6585;249;106;164;land;false;forest;5
6586;235;90;190;land;false;hills;5
6587;177;145;208;land;false;hills;5
6588;214;237;56;land;false;forest;5
6589;124;245;190;land;false;plains;5
6590;160;246;104;land;false;plains;5
6591;193;162;249;land;false;plains;5
6592;206;219;142;land;true;forest;5
6593;140;216;173;land;false;hills;5
6594;246;196;233;land;false;hills;5
6595;155;210;246;land;true;plains;5
6596;248;232;45;land;false;mountain;5
6597;129;253;167;land;false;plains;5
6598;152;154;243;land;true;plains;5
6599;201;112;247;land;false;hills;5
6600;173;196;243;land;false;forest;5
6601;188;123;250;land;false;plains;5
6602;169;198;146;land;false;hills;5
6603;195;122;217;land;false;plains;5
6604;208;155;249;land;true;plains;5
6605;221;202;209;land;true;plains;5
6606;154;157;205;land;false;forest;5
6607;213;155;223;land;false;mountain;5
6608;157;200;152;lake;false;mountain;0
6609;217;252;253;land;true;forest;5
6610;203;190;202;land;false;forest;5
6611;92;238;253;land;false;plains;5
6612;118;221;188;land;true;plains;5
6613;185;189;177;land;true;plains;5
6614;251;225;231;land;false;hills;5
6615;54;213;248;land;false;plains;5
6616;171;214;125;land;false;mountain;5
6617;13;245;243;land;false;plains;5
6618;179;180;155;land;false;forest;5
6619;235;212;91;land;false;forest;5
6620;117;181;228;land;true;plains;5
6621;218;146;147;land;true;forest;5
6622;183;232;177;land;false;plains;5
6623;164;253;110;land;false;plains;5
6624;229;117;199;land;true;plains;5
6625;228;144;229;land;false;hills;5
6626;247;136;130;land;false;hills;5
6627;202;233;174;land;false;mountain;5
6628;106;247;253;land;false;mountain;5
6629;245;130;201;land;true;forest;5
6630;213;181;183;land;false;hills;5
6631;228;126;155;land;false;forest;5
6632;189;183;234;land;false;forest;5
6633;233;250;93;land;false;forest;5
6634;215;205;193;land;false;forest;5
6635;176;241;190;land;false;hills;5
6636;152;131;223;land;true;plains;5
6637;108;205;189;land;false;hills;5
6638;196;218;125;land;false;hills;5
6639;226;180;163;land;false;forest;5
6640;237;240;168;land;true;plains;5
6641;105;250;196;land;true;plains;5
6642;150;244;196;land;true;forest;5
6643;193;158;204;land;false;forest;5
6644;182;143;236;land;false;mountain;5
6645;117;254;186;land;false;mountain;5
6646;107;236;212;land;false;mountain;5
6647;192;245;102;land;false;plains;5
6648;249;19;254;land;false;plains;5
6649;219;221;191;land;false;forest;5
6650;164;160;223;land;false;hills;5
6651;110;244;189;land;false;forest;5
6652;93;210;248;land;false;mountain;5
6653;254;215;114;land;true;plains;5
6654;224;155;159;land;false;plains;5
6655;199;158;185;land;false;mountain;5
6656;225;93;218;land;false;hills;5
6657;237;245;125;land;false;forest;5
6658;95;213;197;land;false;forest;5
6659;243;197;236;land;false;forest;5
6660;136;237;246;land;false;hills;5
6661;205;187;181;land;false;forest;5
6662;231;142;156;land;false;hills;5
6663;175;183;190;land;false;hills;5
6664;205;225;201;land;false;forest;5
6665;168;215;244;land;false;forest;5
6666;207;250;190;land;false;mountain;5
6667;215;202;129;land;true;plains;5
6668;236;56;234;land;false;mountain;5
6669;74;245;241;land;false;mountain;5
6670;202;160;173;land;true;plains;5
6671;248;209;83;land;false;mountain;5
6672;20;246;254;land;false;hills;5
6673;232;202;194;land;true;plains;5
6674;190;179;145;land;false;forest;5
6675;225;244;33;land;false;mountain;5
6676;238;137;136;land;false;plains;5
6677;248;221;117;land;false;forest;5
6678;251;92;231;land;false;forest;5
6679;124;253;188;land;false;mountain;5
6680;191;205;106;land;false;mountain;5
6681;214;229;70;land;false;mountain;5
6682;198;213;165;land;false;mountain;5
6683;250;137;135;land;false;forest;5
6684;149;241;210;land;false;forest;5
6685;230;212;212;land;false;hills;5
6686;136;247;126;land;false;forest;5
6687;186;238;145;land;false;forest;5
6688;229;199;84;land;false;mountain;5
6689;181;204;248;land;false;mountain;5
6690;194;184;227;land;false;hills;5
6691;219;113;235;land;false;forest;5
6692;245;211;141;land;false;forest;5
6693;143;213;238;land;false;hills;5
6694;240;207;204;land;false;hills;5
6695;226;75;220;land;false;plains;5
6696;152;232;239;land;false;forest;5
6697;160;215;185;land;false;mountain;5
6698;215;70;248;land;true;plains;5
6699;63;228;226;land;false;forest;5
6700;204;247;207;land;false;mountain;5
6701;238;162;101;land;true;plains;5
6702;244;19;239;land;false;forest;5
6703;154;209;162;land;true;plains;5
6704;236;166;151;land;false;hills;5
6705;49;235;218;land;false;hills;5
6706;248;203;225;land;false;forest;5
6707;200;237;85;land;false;mountain;5
6708;246;155;223;land;true;plains;5
6709;230;195;192;land;false;forest;5
6710;68;240;197;land;true;plains;5
6711;49;248;250;land;false;hills;5
6712;253;54;239;land;false;mountain;5
6713;84;193;254;land;false;hills;5
6714;201;227;118;land;false;forest;5
6715;115;169;225;land;false;mountain;5
6716;176;215;140;land;false;mountain;5
6717;210;174;190;land;false;forest;5
6718;245;163;158;land;false;mountain;5
6719;158;224;154;land;false;mountain;5
6720;223;172;243;land;false;forest;5
6721;183;230;152;land;false;forest;5
6722;248;253;203;land;false;hills;5
6723;191;112;208;land;false;mountain;5
6724;195;189;201;lake;false;mountain;0
6725;143;152;233;land;false;mountain;5
6726;131;237;179;land;false;hills;5
6727;165;134;243;land;false;hills;5
6728;244;160;253;land;false;mountain;5
6729;241;130;243;land;false;mountain;5
6730;193;127;190;land;false;forest;5
6731;183;169;158;land;false;forest;5
6732;253;202;48;land;false;forest;5
6733;186;208;146;land;false;plains;5
6734;254;196;246;land;false;mountain;5
6735;203;236;108;land;true;plains;5
6736;245;249;220;land;true;plains;5
6737;178;239;214;land;false;mountain;5
6738;191;254;173;land;true;plains;5
6739;231;140;193;land;false;hills;5
6740;87;237;244;land;false;hills;5
6741;254;241;164;land;true;plains;5
6742;243;244;59;land;false;hills;5
6743;119;209;251;land;false;hills;5
6744;149;226;200;land;false;forest;5
6745;209;249;233;land;false;forest;5
6746;162;169;240;land;false;mountain;5
6747;133;160;214;land;false;forest;5
6748;228;248;45;land;false;hills;5
6749;206;181;210;land;false;mountain;5
6750;187;252;234;land;false;forest;5
6751;50;215;247;land;false;mountain;5
6752;226;86;203;land;true;plains;5
6753;220;247;195;land;false;forest;5
6754;248;158;116;land;false;mountain;5
6755;200;242;154;land;false;forest;5
6756;181;250;71;land;false;mountain;5
6757;103;170;252;land;false;mountain;5
6758;247;145;148;land;false;mountain;5
6759;186;129;234;land;false;mountain;5
6760;195;249;132;land;false;mountain;5
6761;194;227;157;land;false;mountain;5
6762;251;86;194;land;false;hills;5
6763;236;204;216;land;false;hills;5
6764;241;200;61;land;false;mountain;5
6765;235;88;188;land;false;plains;5
6766;200;80;244;land;true;plains;5
6767;79;243;214;land;false;mountain;5
6768;231;197;184;land;true;forest;5
6769;177;173;176;land;true;plains;5
6770;70;217;231;land;false;forest;5
6771;120;238;172;land;false;mountain;5
6772;93;253;178;land;false;mountain;5
6773;230;162;122;land;false;hills;5
6774;67;252;236;land;false;hills;5
6775;245;216;87;land;false;mountain;5
6776;203;216;155;land;false;hills;5
6777;232;230;138;land;true;plains;5
6778;241;26;249;land;false;mountain;5
6779;224;254;181;land;false;forest;5
6780;218;251;222;land;true;plains;5
6781;253;90;250;land;false;mountain;5
6782;227;215;187;land;false;plains;5
6783;218;253;223;land;false;mountain;5
6784;252;196;164;land;true;forest;5
6785;236;137;159;land;false;forest;5
6786;172;213;239;land;false;forest;5
6787;226;191;215;land;false;mountain;5
6788;160;164;244;land;false;mountain;5
6789;121;249;172;land;false;mountain;5
6790;227;208;167;land;false;forest;5
6791;186;147;168;land;false;hills;5
6792;239;250;177;land;false;mountain;5
6793;249;143;214;land;false;mountain;5
6794;182;186;135;land;false;mountain;5
6795;224;142;220;land;true;forest;5
6796;249;196;141;land;false;forest;5
6797;130;185;188;land;false;hills;5
6798;223;217;94;land;true;plains;5
6799;224;95;244;land;false;forest;5
6800;207;253;64;land;true;plains;5
6801;188;249;147;land;false;mountain;5
6802;189;169;208;land;false;mountain;5
6803;252;217;213;land;false;plains;5
6804;238;112;201;land;false;mountain;5
6805;163;233;203;land;false;forest;5
6806;181;246;226;land;false;mountain;5
6807;179;217;246;land;false;mountain;5
6808;220;218;230;land;false;forest;5
6809;250;160;195;land;false;mountain;5
6810;172;252;246;land;true;plains;5
6811;171;216;193;land;false;plains;5
6812;247;35;228;land;false;hills;5
6813;141;247;137;land;false;plains;5
6814;64;251;221;land;false;forest;5
6815;205;141;218;land;false;mountain;5
6816;209;251;66;land;false;mountain;5
6817;216;202;125;land;false;mountain;5
6818;210;165;130;land;false;plains;5
6819;98;254;250;land;true;forest;5
6820;202;234;245;land;true;plains;5
6821;139;199;224;land;false;mountain;5
6822;230;152;171;land;false;mountain;5
6823;152;213;190;land;false;mountain;5
6824;148;211;179;land;false;mountain;5
6825;252;185;102;land;false;hills;5
6826;136;207;194;land;true;plains;5
6827;212;184;186;land;false;forest;5
6828;229;186;223;land;false;mountain;5
6829;237;159;231;land;false;mountain;5
6830;238;123;237;land;false;mountain;5
6831;231;148;210;land;false;mountain;5
6832;162;212;174;land;true;plains;5
6833;145;238;139;land;false;mountain;5
6834;111;220;245;land;false;mountain;5
6835;82;237;233;land;true;plains;5
6836;176;209;140;land;true;plains;5
6837;184;167;196;land;false;forest;5
6838;241;87;183;land;false;forest;5
6839;206;234;186;land;true;forest;5
6840;148;196;201;land;false;mountain;5
6841;197;140;217;land;true;plains;5
6842;233;106;178;land;false;mountain;5
6843;243;68;238;land;false;mountain;5
6844;235;176;222;land;false;mountain;5
6845;154;233;220;land;true;plains;5
6846;242;125;180;land;false;hills;5
6847;191;175;218;land;false;mountain;5
6848;234;198;82;land;false;mountain;5
6849;90;225;189;land;false;mountain;5
6850;165;238;221;land;true;plains;5
6851;201;233;160;land;true;plains;5
6852;228;169;169;land;false;mountain;5
6853;179;234;166;land;false;plains;5
6854;150;144;234;land;false;mountain;5
6855;107;228;204;land;false;hills;5
6856;160;252;181;land;false;mountain;5
6857;235;243;154;land;false;mountain;5
6858;241;114;214;land;true;plains;5
6859;164;189;191;land;false;mountain;5
6860;197;223;153;land;false;mountain;5
6861;240;226;93;land;false;mountain;5
6862;130;141;236;land;true;forest;5
6863;148;194;188;land;false;forest;5
6864;246;237;54;land;false;mountain;5
6865;73;218;223;land;false;hills;5
6866;225;179;113;land;true;plains;5
6867;221;56;246;land;true;plains;5
6868;177;239;194;land;true;plains;5
6869;177;250;243;land;false;mountain;5
6870;253;251;115;land;false;hills;5
6871;94;245;197;land;false;plains;5
6872;213;147;211;land;false;forest;5
6873;186;197;170;land;false;mountain;5
6874;104;240;211;land;false;mountain;5
6875;154;253;240;land;false;mountain;5
6876;218;124;242;land;false;mountain;5
6877;172;240;231;land;false;forest;5
6878;78;214;238;land;false;mountain;5
6879;249;201;71;land;false;mountain;5
6880;182;224;218;land;false;forest;5
6881;142;228;176;land;false;plains;5
6882;205;187;139;land;false;mountain;5
6883;207;186;156;land;true;plains;5
6884;148;116;246;land;false;mountain;5
6885;253;244;178;land;false;hills;5
6886;247;236;43;land;false;mountain;5
6887;216;216;124;land;false;mountain;5
6888;133;233;136;land;false;plains;5
6889;66;203;244;land;false;mountain;5
6890;107;228;184;land;false;mountain;5
6891;104;182;216;land;false;mountain;5
6892;181;190;144;land;true;plains;5
6893;248;210;96;land;true;plains;5
6894;219;232;94;land;false;mountain;5
6895;153;228;128;land;false;forest;5
6896;229;157;191;land;false;hills;5
6897;244;252;120;land;false;mountain;5
6898;123;188;248;land;false;mountain;5
6899;252;216;75;land;false;forest;5
6900;168;250;237;land;false;mountain;5
6901;223;193;153;land;false;forest;5
6902;164;235;168;land;false;hills;5
6903;250;223;46;land;false;mountain;5
6904;184;217;141;land;false;mountain;5
6905;204;112;238;land;false;forest;5
6906;221;254;181;land;true;forest;5
6907;46;233;233;land;false;mountain;5
6908;207;117;184;land;false;mountain;5
6909;102;212;232;land;false;hills;5
6910;196;115;235;land;true;forest;5
6911;135;209;207;land;false;mountain;5
6912;237;160;143;land;false;mountain;5
6913;229;239;110;land;false;mountain;5
6914;251;163;172;land;false;plains;5
6915;216;218;165;land;true;plains;5
6916;165;252;120;land;false;plains;5
6917;223;113;228;land;false;plains;5
6918;192;158;224;land;false;mountain;5
6919;172;119;242;land;false;mountain;5
6920;210;187;249;land;false;mountain;5
6921;49;218;238;land;true;mountain;5
6922;248;166;254;land;false;hills;5
6923;201;160;220;land;true;plains;5
6924;212;150;253;land;true;plains;5
6925;245;194;123;land;false;mountain;5
6926;229;136;186;land;false;mountain;5
6927;209;243;138;land;false;mountain;5
6928;177;194;190;land;false;mountain;5
6929;178;251;152;land;false;mountain;5
6930;146;219;158;land;false;mountain;5
6931;222;243;52;land;true;plains;5
6932;234;196;205;land;true;forest;5
6933;176;133;235;land;true;forest;5
6934;238;145;149;land;false;forest;5
6935;236;198;158;land;true;plains;5
6936;253;79;178;land;true;forest;5
6937;239;137;193;land;false;mountain;5
6938;182;239;155;land;false;mountain;5
6939;241;60;230;land;false;hills;5
6940;242;244;187;land;true;plains;5
6941;181;240;86;land;false;mountain;5
6942;110;247;211;land;false;mountain;5
6943;249;236;51;land;false;mountain;5
6944;248;185;165;land;false;mountain;5
6945;254;152;167;land;false;mountain;5
6946;132;253;166;land;false;mountain;5
6947;176;218;198;land;false;mountain;5
6948;206;218;109;land;false;forest;5
6949;231;119;151;land;false;mountain;5
6950;219;252;163;land;false;mountain;5
6951;128;238;205;land;false;mountain;5
6952;165;241;124;land;false;mountain;5
6953;141;185;233;land;false;mountain;5
6954;187;195;166;land;false;forest;5
6955;107;221;185;land;false;mountain;5
6956;189;240;128;land;false;forest;5
6957;178;114;217;land;true;plains;5
6958;181;214;187;land;true;plains;5
6959;82;198;237;land;false;forest;5
6960;204;198;214;land;true;plains;5
6961;234;250;211;land;true;plains;5
6962;214;249;163;land;true;plains;5
6963;164;147;224;land;false;mountain;5
6964;235;207;220;land;false;mountain;5
6965;136;242;152;land;false;mountain;5
6966;221;127;190;land;false;mountain;5
6967;152;195;245;land;false;forest;5
6968;242;180;154;land;false;mountain;5
6969;118;239;220;land;false;mountain;5
6970;235;168;140;land;false;forest;5
6971;229;225;135;land;true;forest;5
6972;135;151;228;land;false;mountain;5
6973;66;227;224;land;true;plains;5
6974;209;221;187;land;false;mountain;5
6975;222;214;221;land;false;mountain;5
6976;183;122;229;land;true;forest;5
6977;210;126;225;land;false;forest;5
6978;232;219;61;land;false;mountain;5
6979;142;204;212;land;true;forest;5
6980;171;243;183;land;true;plains;5
6981;178;231;125;land;false;mountain;5
6982;113;254;231;land;true;forest;5
6983;143;227;246;land;false;mountain;5
6984;246;90;204;land;false;mountain;5
6985;207;242;215;land;false;forest;5
6986;215;231;89;land;false;mountain;5
6987;103;236;233;land;true;forest;5
6988;170;155;252;land;false;mountain;5
6989;109;194;246;land;false;mountain;5
6990;196;247;117;land;false;forest;5
6991;118;182;231;land;true;plains;5
6992;252;188;77;land;false;forest;5
6993;224;244;216;land;true;plains;5
6994;189;168;149;land;false;mountain;5
6995;199;230;78;land;false;mountain;5
6996;118;170;246;land;false;forest;5
6997;235;224;111;land;false;mountain;5
6998;173;249;140;land;false;mountain;5
6999;209;229;244;land;false;forest;5
7000;195;228;170;land;false;forest;5
7001;79;248;202;land;false;forest;5
7002;242;231;240;land;false;forest;5
7003;232;141;172;land;true;plains;5
7004;237;247;233;land;false;forest;5
7005;115;236;174;land;false;forest;5
7006;206;206;170;land;false;mountain;5
7007;183;231;233;land;false;mountain;5
7008;237;203;209;land;false;forest;5
7009;150;190;223;land;true;forest;5
7010;111;146;250;land;false;forest;5
7011;161;231;158;land;false;plains;5
7012;251;236;27;land;false;mountain;5
7013;133;246;181;land;false;plains;5
7014;154;167;228;land;false;mountain;5
7015;173;219;191;land;false;mountain;5
7016;215;202;166;land;false;plains;5
7017;188;174;139;land;false;forest;5
7018;128;171;225;land;true;plains;5
7019;234;147;204;land;false;forest;5
7020;239;230;57;land;false;mountain;5
7021;241;241;219;land;false;mountain;5
7022;177;180;167;land;false;forest;5
7023;184;243;97;land;false;mountain;5
7024;241;88;251;land;false;forest;5
7025;242;172;109;land;false;forest;5
7026;162;203;212;land;false;plains;5
7027;242;208;146;land;false;mountain;5
7028;218;200;197;land;true;plains;5
7029;223;215;131;land;false;plains;5
7030;161;185;225;land;false;mountain;5
7031;161;153;225;land;false;mountain;5
7032;227;175;117;land;false;mountain;5
7033;175;245;91;land;true;forest;5
7034;250;172;229;land;false;plains;5
7035;244;118;159;land;false;forest;5
7036;212;249;126;land;false;plains;5
7037;198;251;156;land;false;forest;5
7038;164;228;188;land;false;forest;5
7039;174;172;183;land;true;plains;5
7040;243;186;211;land;false;forest;5
7041;111;251;209;land;false;mountain;5
7042;199;252;204;land;false;forest;5
7043;200;114;232;land;true;forest;5
7044;69;250;194;land;true;plains;5
7045;211;241;81;land;true;forest;5
7046;203;196;159;land;false;mountain;5
7047;186;196;177;land;false;forest;5
7048;211;249;176;land;true;forest;5
7049;193;246;83;land;false;mountain;5
7050;123;236;143;land;false;mountain;5
7051;164;139;223;land;false;plains;5
7052;196;179;206;land;false;mountain;5
7053;186;164;231;land;false;mountain;5
7054;245;232;154;land;false;plains;5
7055;210;165;199;land;false;forest;5
7056;185;222;238;land;false;mountain;5
7057;233;49;238;land;false;plains;5
7058;232;186;127;land;false;forest;5
7059;220;192;169;land;false;plains;5
7060;103;225;184;land;false;plains;5
7061;63;238;229;land;false;forest;5
7062;124;239;186;land;false;mountain;5
7063;172;214;151;land;false;forest;5
7064;115;254;195;land;true;forest;5
7065;70;236;240;land;true;plains;5
7066;248;134;239;land;true;forest;5
7067;241;227;44;land;false;mountain;5
7068;236;172;252;land;false;forest;5
7069;207;96;208;land;false;plains;5
7070;230;125;150;land;false;mountain;5
7071;243;172;139;land;true;forest;5
7072;214;214;233;land;false;mountain;5
7073;219;223;88;land;true;forest;5
7074;138;248;187;land;true;plains;5
7075;90;235;251;land;true;forest;5
7076;166;254;110;land;false;mountain;5
7077;233;243;66;land;true;plains;5
7078;121;219;195;land;false;plains;5
7079;236;85;193;land;true;plains;5
7080;233;91;243;land;false;forest;5
7081;245;144;183;land;true;plains;5
7082;252;141;208;land;false;plains;5
7083;206;170;237;land;false;plains;5
7084;204;168;190;land;false;plains;5
7085;247;115;164;land;true;plains;5
7086;235;142;234;land;true;plains;5
7087;206;219;172;land;false;mountain;5
7088;111;232;202;land;false;forest;5
7089;122;235;233;land;false;forest;5
7090;114;252;171;land;false;plains;5
7091;243;44;221;land;true;forest;5
7092;168;155;249;land;false;mountain;5
7093;239;33;250;land;false;forest;5
7094;159;240;111;land;true;forest;5
7095;80;210;218;land;false;mountain;5
7096;206;184;144;land;false;plains;5
7097;73;224;215;land;false;plains;5
7098;164;232;241;land;false;mountain;5
7099;254;149;190;land;false;mountain;5
7100;224;168;126;land;false;forest;5
7101;122;248;174;land;false;plains;5
7102;184;183;212;land;false;plains;5
7103;215;234;135;land;false;forest;5
7104;149;241;123;land;false;plains;5
7105;249;17;245;land;true;forest;5
7106;100;185;223;land;true;plains;5
7107;216;197;170;land;false;plains;5
7108;223;221;195;land;false;plains;5
7109;249;113;253;land;false;plains;5
7110;153;104;250;land;true;forest;5
7111;243;134;139;land;false;mountain;5
7112;241;180;181;land;false;mountain;5
7113;223;224;99;land;false;forest;5
7114;220;109;172;land;false;forest;5
7115;197;244;167;land;false;forest;5
7116;141;199;235;land;false;plains;5
7117;179;200;169;land;false;plains;5
7118;208;152;253;land;true;plains;5
7119;212;234;129;land;false;forest;5
7120;230;229;141;land;false;plains;5
7121;235;215;199;land;false;forest;5
7122;229;146;127;land;false;plains;5
7123;140;190;215;land;false;forest;5
7124;213;211;246;land;false;plains;5
7125;200;234;195;land;false;forest;5
7126;229;203;98;land;false;mountain;5
7127;115;209;234;land;false;forest;5
7128;234;210;237;land;true;plains;5
7129;133;142;246;land;false;plains;5
7130;131;234;226;land;false;plains;5
7131;146;123;250;land;true;plains;5
7132;232;173;154;land;false;plains;5
7133;175;212;231;land;false;plains;5
7134;115;181;225;land;false;mountain;5
7135;228;100;244;land;false;forest;5
7136;246;85;229;land;false;plains;5
7137;81;226;239;land;false;forest;5
7138;135;244;222;land;false;plains;5
7139;206;236;65;land;false;plains;5
7140;174;247;118;land;true;forest;5
7141;223;177;142;land;false;plains;5
7142;157;167;236;land;false;mountain;5
7143;177;204;142;land;false;forest;5
7144;70;232;234;land;false;plains;5
7145;75;219;207;land;false;plains;5
7146;164;242;123;land;false;plains;5
7147;112;243;167;land;false;plains;5
7148;112;167;247;land;false;forest;5
7149;217;207;87;land;false;plains;5
7150;202;168;240;land;false;forest;5
7151;252;223;200;land;true;plains;5
7152;197;216;132;land;true;plains;5
7153;169;205;168;land;false;plains;5
7154;214;196;131;land;true;forest;5
7155;205;170;181;land;false;plains;5
7156;179;126;253;land;false;plains;5
7157;109;237;230;land;true;plains;5
7158;173;252;154;land;true;plains;5
7159;181;241;92;land;false;plains;5
7160;205;132;214;land;true;forest;5
7161;248;121;143;land;false;forest;5
7162;238;167;251;land;true;plains;5
7163;160;232;129;land;false;forest;5
7164;186;200;132;land;false;forest;5
7165;237;203;181;land;false;plains;5
7166;251;243;51;land;false;plains;5
7167;192;145;227;land;false;plains;5
7168;178;240;237;land;false;plains;5
7169;205;136;239;land;false;plains;5
7170;171;178;232;land;false;mountain;5
7171;251;86;210;land;false;plains;5
7172;215;149;170;land;false;plains;5
7173;209;207;239;land;false;plains;5
7174;178;229;95;land;true;forest;5
7175;73;221;237;land;false;plains;5
7176;119;243;238;land;false;plains;5
7177;205;208;90;land;true;forest;5
7178;233;159;143;land;true;plains;5
7179;231;215;97;land;true;plains;5
7180;159;225;169;land;false;plains;5
7181;199;128;181;land;true;plains;5
7182;161;245;190;land;false;plains;5
7183;224;207;130;land;false;plains;5
7184;209;192;223;land;false;plains;5
7185;219;209;219;land;false;plains;5
7186;190;206;213;land;false;plains;5
7187;248;252;154;land;false;plains;5
7188;93;172;237;land;false;forest;5
7189;159;226;137;land;false;plains;5
7190;99;239;201;land;false;plains;5
7191;171;131;234;land;true;plains;5
7192;164;245;203;land;true;plains;5
7193;246;197;186;land;true;plains;5
7194;135;171;230;land;true;plains;5
7195;197;189;239;land;false;plains;5
7196;153;240;170;land;true;plains;5
7197;253;254;185;land;false;plains;5
7198;54;237;242;land;false;plains;5
7199;85;245;238;land;false;plains;5
7200;142;189;199;land;false;plains;5
7201;205;146;185;land;false;plains;5
7202;210;254;154;land;false;plains;5
7203;207;214;196;land;false;plains;5
7204;224;135;225;land;true;plains;5
7205;238;90;198;land;true;plains;5
7206;157;228;234;land;false;plains;5
7207;224;213;79;land;true;plains;5
7208;219;235;67;land;true;plains;5
7209;108;212;206;land;false;plains;5
7210;139;207;237;land;false;plains;5
7211;238;47;222;land;true;plains;5
7212;235;221;62;land;false;plains;5
7213;191;147;221;land;false;plains;5
7214;126;231;204;land;true;plains;5
7215;216;103;213;land;true;plains;5
7216;203;144;209;land;false;plains;5
7217;54;227;251;land;false;plains;5
7218;237;207;217;land;true;plains;5
7219;137;235;179;land;true;plains;5
7220;190;205;148;land;true;plains;5
7221;245;129;251;land;false;plains;5
7222;194;188;237;land;true;plains;5
7223;224;211;223;land;true;plains;5
7224;104;252;174;land;true;plains;5
7225;88;226;228;land;false;plains;5
7226;181;240;239;land;true;plains;5
7227;251;218;174;land;true;plains;5
7228;150;200;185;land;true;plains;5
7229;181;254;134;land;true;plains;5
7230;67;155;72;land;false;mountain;5
7231;176;245;129;land;false;mountain;2
7232;221;193;226;land;false;mountain;2
7233;157;204;251;land;false;mountain;2
7234;149;197;234;land;false;mountain;2
7235;254;234;48;land;true;mountain;2
7236;106;207;216;land;true;mountain;2
7237;225;97;240;land;false;mountain;2
7238;198;227;153;land;true;mountain;2
7239;72;216;213;land;false;mountain;2
7240;221;242;246;land;false;mountain;2
7241;107;236;246;land;true;forest;2
7242;202;221;244;land;true;mountain;2
7243;216;181;191;land;true;forest;2
7244;250;185;236;land;false;mountain;2
7245;218;115;229;land;true;mountain;2
7246;191;234;128;land;true;mountain;2
7247;163;252;158;land;true;mountain;2
7248;225;200;157;land;false;mountain;2
7249;144;131;250;land;true;mountain;2
7250;177;177;166;land;false;mountain;2
7251;160;239;252;land;false;mountain;2
7252;252;239;189;land;false;forest;2
7253;181;199;169;land;true;mountain;2
7254;236;205;62;land;true;forest;2
7255;251;211;196;land;false;forest;2
7256;245;208;105;land;false;forest;2
7257;235;83;241;land;false;mountain;2
7258;151;213;158;land;true;forest;2
7259;226;242;194;land;false;forest;2
7260;216;108;186;land;true;mountain;2
7261;160;214;213;land;false;mountain;2
7262;184;102;241;land;false;mountain;2
7263;214;244;109;land;false;forest;2
7264;226;109;216;land;false;mountain;2
7265;204;94;251;land;false;forest;2
7266;218;118;184;land;false;forest;2
7267;249;217;51;land;true;mountain;2
7268;141;251;207;land;false;mountain;2
7269;161;145;222;land;false;mountain;2
7270;233;139;157;land;false;mountain;2
7271;177;149;252;land;false;plains;2
7272;173;146;232;land;false;mountain;2
7273;246;224;129;land;false;forest;2
7274;210;218;101;land;false;forest;2
7275;178;123;209;land;false;mountain;2
7276;229;216;100;land;true;mountain;2
7277;48;245;248;land;false;mountain;2
7278;235;168;254;land;false;mountain;2
7279;176;219;229;land;false;mountain;2
7280;229;177;193;land;false;mountain;2
7281;81;243;249;land;false;forest;2
7282;249;107;146;land;false;mountain;2
7283;224;122;202;land;false;mountain;2
7284;71;255;0;land;false;mountain;2
7285;150;221;248;land;false;mountain;2
7286;247;211;244;land;false;mountain;2
7287;231;195;101;land;false;forest;2
7288;213;132;171;land;false;mountain;2
7289;238;87;176;land;false;forest;2
7290;205;129;243;land;false;mountain;2
7291;208;225;252;land;false;mountain;2
7292;219;160;171;land;false;mountain;2
7293;182;133;195;land;false;forest;2
7294;244;249;85;land;false;mountain;2
7295;175;228;161;land;false;mountain;2
7296;101;232;220;land;false;mountain;2
7297;229;241;241;land;false;mountain;2
7298;167;205;189;land;false;mountain;2
7299;179;190;201;land;false;mountain;2
7300;160;193;242;land;false;forest;2
7301;195;189;227;land;false;forest;2
7302;224;222;69;land;false;mountain;2
7303;253;27;250;land;false;mountain;2
7304;188;240;136;land;false;mountain;2
7305;199;226;250;land;false;mountain;2
7306;190;123;192;land;false;mountain;2
7307;202;185;215;land;false;mountain;2
7308;177;150;245;land;false;mountain;2
7309;216;245;236;land;false;forest;2
7310;165;171;252;land;false;mountain;2
7311;253;171;82;land;false;mountain;2
7312;252;207;43;land;true;mountain;2
7313;148;220;0;land;false;mountain;2
7314;244;180;248;land;false;mountain;2
7315;238;158;188;land;false;mountain;2
7316;201;241;220;land;false;mountain;2
7317;167;169;199;land;false;mountain;2
7318;152;208;171;land;false;mountain;2
7319;153;180;178;land;false;mountain;2
7320;244;150;136;land;false;mountain;2
7321;250;179;81;land;false;mountain;2
7322;29;29;19;sea;true;ocean;0
7323;132;228;159;land;false;mountain;2
7324;231;242;213;land;false;mountain;2
7325;116;247;223;land;false;mountain;2
7326;201;81;233;land;false;mountain;2
7327;237;139;206;land;false;mountain;2
7328;179;156;207;land;false;mountain;2
7329;239;64;222;land;false;mountain;2
7330;233;159;142;land;false;mountain;2
7331;234;190;179;land;false;mountain;2
7332;219;106;214;land;false;mountain;2
7333;233;152;133;land;false;forest;2
7334;185;214;247;land;false;mountain;2
7335;183;246;244;land;false;mountain;2
7336;200;222;93;land;false;mountain;2
7337;141;172;236;land;false;mountain;2
7338;213;207;112;land;false;mountain;2
7339;213;103;221;land;true;mountain;2
7340;218;124;221;land;false;mountain;2
7341;185;223;207;land;false;mountain;2
7342;232;105;201;land;false;mountain;2
7343;252;62;233;land;false;mountain;2
7344;251;199;80;land;false;forest;2
7345;205;244;85;land;false;forest;2
7346;230;183;148;land;false;mountain;2
7347;129;159;220;land;false;mountain;2
7348;230;94;241;land;false;mountain;2
7349;58;254;194;land;false;mountain;2
7350;252;150;170;land;true;forest;2
7351;83;249;216;land;true;forest;2
7352;217;105;232;land;false;mountain;2
7353;122;199;202;land;false;mountain;2
7354;231;254;162;land;false;mountain;2
7355;157;234;202;land;false;mountain;2
7356;245;240;161;land;true;mountain;2
7357;90;228;229;land;false;mountain;2
7358;97;232;176;land;false;mountain;2
7359;106;229;229;land;false;mountain;2
7360;175;140;217;land;false;forest;2
7361;226;248;250;land;false;mountain;2
7362;219;226;64;land;false;mountain;2
7363;185;222;136;land;false;forest;2
7364;151;150;230;land;false;forest;2
7365;92;244;193;land;false;mountain;2
7366;209;124;230;land;false;forest;2
7367;145;223;154;land;false;mountain;2
7368;243;201;136;land;false;mountain;2
7369;222;92;245;land;false;mountain;2
7370;88;235;193;land;false;forest;2
7371;190;194;221;land;false;mountain;2
7372;165;214;135;land;false;mountain;2
7373;114;203;254;land;false;mountain;2
7374;172;98;246;land;false;mountain;2
7375;193;127;198;land;false;forest;2
7376;116;205;190;land;false;forest;2
7377;212;204;154;land;false;forest;2
7378;238;109;178;land;true;forest;2
7379;72;183;253;land;false;mountain;2
7380;162;170;208;land;false;forest;2
7381;121;214;206;land;false;forest;2
7382;186;123;214;land;false;forest;2
7383;47;237;235;land;false;mountain;2
7384;222;197;140;land;true;mountain;2
7385;204;214;160;land;false;mountain;2
7386;41;244;221;land;false;forest;2
7387;193;135;202;land;false;mountain;2
7388;190;192;199;land;true;mountain;2
7389;39;240;249;land;false;mountain;2
7390;115;152;253;land;false;forest;2
7391;239;55;210;land;true;forest;2
7392;231;81;225;land;false;mountain;2
7393;241;133;253;land;false;forest;2
7394;69;208;235;land;false;forest;2
7395;211;253;191;land;false;mountain;2
7396;242;174;243;land;false;forest;2
7397;194;182;208;land;false;forest;2
7398;56;248;237;land;true;forest;2
7399;251;98;224;land;false;mountain;2
7400;221;84;247;land;false;mountain;2
7401;237;73;235;land;false;forest;2
7402;210;206;198;land;false;forest;2
7403;198;63;245;land;false;plains;2
7404;153;191;220;land;true;forest;2
7405;135;240;155;land;false;forest;2
7406;252;206;117;land;false;forest;2
7407;234;172;95;land;false;mountain;2
7408;73;250;183;land;false;forest;2
7409;167;213;232;land;false;mountain;2
7410;224;244;185;land;false;forest;2
7411;168;235;223;land;false;mountain;2
7412;160;194;181;land;true;mountain;2
7413;179;154;169;land;false;mountain;2
7414;250;211;154;land;false;forest;2
7415;217;246;148;land;false;forest;2
7416;147;218;144;land;true;plains;2
7417;178;142;192;land;false;mountain;2
7418;182;231;242;land;false;mountain;2
7419;166;210;163;land;false;mountain;2
7420;88;196;227;land;false;plains;2
7421;217;178;158;land;false;mountain;2
7422;202;161;153;land;false;mountain;2
7423;143;177;250;land;false;forest;2
7424;117;181;212;land;false;forest;2
7425;149;251;196;land;false;plains;2
7426;204;250;154;land;true;forest;2
7427;136;199;173;land;false;mountain;2
7428;141;219;229;land;false;mountain;2
7429;52;227;245;land;false;mountain;2
7430;148;217;137;land;false;mountain;2
7431;157;229;157;land;false;mountain;2
7432;203;238;102;land;false;mountain;2
7433;202;190;230;land;false;mountain;2
7434;189;161;238;land;false;mountain;2
7435;141;243;159;land;false;mountain;2
7436;139;201;188;land;true;plains;2
7437;198;224;233;land;false;mountain;2
7438;108;224;176;land;false;plains;2
7439;242;143;152;land;false;mountain;2
7440;232;182;110;land;false;mountain;2
7441;244;211;226;land;false;mountain;2
7442;99;245;210;land;false;mountain;2
7443;236;246;237;land;false;forest;2
7444;93;217;250;land;true;forest;2
7445;213;218;142;land;false;mountain;2
7446;93;221;225;land;false;plains;2
7447;241;105;219;land;false;mountain;2
7448;186;191;225;land;true;plains;2
7449;166;247;170;land;false;mountain;2
7450;248;208;49;land;false;mountain;2
7451;52;250;203;land;true;forest;2
7452;248;203;60;land;false;mountain;2
7453;195;145;200;land;false;mountain;2
7454;230;198;135;land;false;mountain;2
7455;190;77;253;land;false;mountain;2
7456;169;130;247;land;false;mountain;2
7457;235;219;177;land;false;mountain;2
7458;145;172;211;land;false;mountain;2
7459;183;251;112;land;false;mountain;2
7460;250;240;233;land;false;forest;2
7461;170;180;223;land;false;mountain;2
7462;254;142;134;land;false;mountain;2
7463;253;249;24;land;false;forest;2
7464;210;198;245;land;false;mountain;2
7465;172;251;131;land;false;mountain;2
7466;250;246;113;land;true;plains;2
7467;92;254;164;land;false;mountain;2
7468;235;168;194;land;false;mountain;2
7469;213;190;100;land;false;mountain;2
7470;246;122;225;land;false;mountain;2
7471;203;211;189;land;false;mountain;2
7472;108;240;229;land;false;mountain;2
7473;158;215;215;land;false;mountain;2
7474;240;23;251;land;false;mountain;2
7475;227;174;235;land;true;plains;2
7476;100;218;233;land;false;mountain;2
7477;216;132;211;land;false;mountain;2
7478;187;220;115;land;false;forest;2
7479;128;232;169;land;false;mountain;2
7480;218;252;34;land;true;forest;2
7481;142;200;203;land;false;mountain;2
7482;113;247;160;land;false;mountain;2
7483;154;153;225;land;false;mountain;2
7484;185;205;112;land;false;mountain;2
7485;246;184;98;land;false;mountain;2
7486;232;0;122;land;false;mountain;2
7487;197;201;191;land;false;mountain;2
7488;247;212;98;land;false;mountain;2
7489;147;175;246;land;false;mountain;2
7490;212;213;99;land;false;forest;2
7491;218;203;160;land;false;mountain;2
7492;206;127;243;land;false;mountain;2
7493;148;194;195;land;false;mountain;2
7494;236;198;96;land;false;mountain;2
7495;187;124;220;land;false;mountain;2
7496;220;233;93;land;false;mountain;2
7497;249;126;167;land;false;mountain;2
7498;193;236;225;land;false;mountain;2
7499;233;250;206;land;false;mountain;2
7500;223;252;227;land;false;mountain;2
7501;236;199;206;land;false;plains;2
7502;236;149;217;land;true;forest;2
7503;147;150;208;land;false;mountain;2
7504;116;251;235;land;true;plains;2
7505;51;220;230;land;false;forest;2
7506;176;163;221;land;false;mountain;2
7507;238;245;71;land;false;mountain;2
7508;211;223;236;land;false;mountain;2
7509;240;105;222;land;false;forest;2
7510;83;213;213;land;false;mountain;2
7511;251;53;232;land;false;mountain;2
7512;165;211;131;land;false;forest;2
7513;171;219;149;land;false;mountain;2
7514;226;204;107;land;false;forest;2
7515;240;29;246;land;false;plains;2
7516;214;204;188;land;false;mountain;2
7517;247;181;157;land;false;plains;2
7518;246;225;115;land;false;mountain;2
7519;248;134;151;land;false;mountain;2
7520;151;177;207;land;false;mountain;2
7521;185;211;215;land;false;mountain;2
7522;210;175;233;land;true;plains;2
7523;249;32;230;land;false;mountain;2
7524;209;213;109;land;true;forest;2
7525;242;164;199;land;false;mountain;2
7526;176;218;213;land;false;mountain;2
7527;135;217;174;land;true;mountain;2
7528;187;167;168;land;false;forest;2
7529;240;84;199;land;false;mountain;2
7530;194;159;208;land;false;mountain;2
7531;203;235;86;land;false;plains;2
7532;109;148;254;land;false;forest;2
7533;233;217;118;land;false;mountain;2
7534;142;195;208;land;false;mountain;2
7535;159;232;219;land;false;forest;2
7536;107;250;208;land;false;plains;2
7537;195;197;161;land;false;forest;2
7538;200;168;228;land;false;mountain;2
7539;123;208;223;land;false;mountain;2
7540;245;248;49;land;true;plains;2
7541;251;201;71;land;false;mountain;2
7542;248;246;46;land;false;forest;2
7543;226;118;221;land;false;forest;2
7544;247;69;201;land;true;forest;2
7545;148;243;143;land;false;mountain;2
7546;178;190;214;land;false;forest;2
7547;226;254;85;land;true;plains;2
7548;83;208;210;land;true;mountain;2
7549;246;232;49;land;true;forest;2
7550;171;193;138;land;false;plains;2
7551;221;173;185;land;false;mountain;2
7552;238;194;0;land;false;mountain;2
7553;241;229;35;land;true;mountain;2
7554;243;58;227;land;false;mountain;2
7555;198;90;237;land;true;plains;2
7556;122;192;217;land;false;mountain;2
7557;228;196;138;land;false;mountain;2
7558;95;237;244;land;false;mountain;2
7559;113;216;235;land;false;mountain;2
7560;152;159;252;land;false;forest;2
7561;219;189;170;land;false;mountain;2
7562;151;193;253;land;false;mountain;2
7563;247;102;241;land;false;mountain;2
7564;89;251;230;land;true;plains;2
7565;222;230;185;land;true;plains;2
7566;215;104;252;land;false;mountain;2
7567;60;246;221;land;true;forest;2
7568;148;236;206;land;false;mountain;2
7569;207;228;230;land;false;mountain;2
7570;70;212;224;land;true;forest;2
7571;250;176;107;land;false;mountain;2
7572;220;108;215;land;true;forest;2
7573;205;153;188;land;false;mountain;2
7574;137;209;191;land;false;mountain;2
7575;172;137;198;land;false;mountain;2
7576;243;192;86;land;false;mountain;2
7577;158;179;214;land;false;mountain;2
7578;233;107;168;land;true;mountain;2
7579;230;175;100;land;true;forest;2
7580;192;234;228;land;false;mountain;2
7581;249;247;131;land;false;forest;2
7582;230;185;217;land;false;mountain;2
7583;177;203;210;land;true;mountain;2
7584;212;174;231;land;false;mountain;2
7585;138;254;231;land;false;forest;2
7586;96;245;184;land;false;mountain;2
7587;129;192;237;land;false;mountain;2
7588;224;145;195;land;false;mountain;2
7589;231;181;137;land;true;forest;2
7590;222;218;150;land;true;forest;2
7591;117;246;220;land;true;mountain;2
7592;179;241;223;land;false;mountain;2
7593;223;91;234;land;false;mountain;2
7594;216;244;99;land;false;mountain;2
7595;222;180;143;land;true;forest;2
7596;206;234;80;land;true;forest;2
7597;231;44;229;land;false;mountain;2
7598;228;230;187;land;true;forest;2
7599;107;241;153;land;false;forest;2
7600;181;118;243;land;true;mountain;2
7601;132;243;225;land;true;mountain;2
7602;213;199;154;land;false;mountain;2
7603;141;254;187;land;true;forest;2
7604;173;221;159;land;false;forest;2
7605;224;225;227;land;false;mountain;2
7606;103;232;229;land;true;forest;2
7607;155;159;249;land;false;forest;2
7608;250;242;88;land;false;forest;2
7609;112;171;237;land;false;forest;2
7610;210;227;167;land;false;forest;2
7611;142;202;214;land;true;mountain;2
7612;217;237;212;land;false;forest;2
7613;190;127;185;land;false;forest;2
7614;214;251;209;land;false;mountain;2
7615;43;215;222;land;true;mountain;2
7616;208;251;54;land;false;forest;2
7617;242;170;153;land;false;forest;2
7618;0;171;255;land;false;mountain;2
7619;245;174;163;land;false;forest;2
7620;90;238;238;land;false;forest;2
7621;104;142;242;land;true;plains;5
7622;101;127;234;land;true;plains;5
7623;104;157;186;land;true;plains;5
7624;72;142;251;land;false;plains;5
7625;103;167;206;land;false;plains;5
7626;115;151;192;land;true;plains;5
7627;81;160;224;land;true;plains;5
7628;125;154;164;land;true;plains;5
7629;107;171;175;land;true;plains;5
7630;126;137;237;land;true;plains;5
7631;105;184;176;land;true;plains;5
7632;85;107;251;land;true;plains;5
7633;97;178;209;land;true;plains;5
7634;244;109;76;land;true;plains;6
7635;178;145;99;land;true;mountain;6
7636;198;123;115;land;true;plains;6
7637;253;130;20;land;false;hills;6
7638;200;92;141;land;true;plains;6
7639;221;149;143;land;false;hills;6
7640;193;148;68;land;false;hills;6
7641;217;124;118;land;false;hills;6
7642;190;105;140;land;true;plains;6
7643;227;116;152;land;true;marsh;6
7644;164;150;115;land;false;hills;6
7645;199;122;119;land;false;hills;6
7646;253;68;115;land;true;plains;6
7647;210;148;56;land;false;hills;6
7648;175;100;138;land;true;marsh;6
7649;209;105;98;land;false;hills;6
7650;224;131;131;land;false;hills;6
7651;252;43;148;land;true;marsh;6
7652;253;123;64;land;false;desert;6
7653;215;52;142;land;true;plains;6
7654;229;128;47;land;false;desert;6
7655;244;137;34;land;false;hills;6
7656;214;145;146;land;true;marsh;6
7657;181;80;148;land;true;marsh;6
7658;237;86;93;land;false;desert;6
7659;220;149;124;land;true;mountain;6
7660;215;70;139;land;true;marsh;6
7661;216;125;96;land;false;desert;6
7662;242;149;57;land;false;desert;6
7663;230;125;82;land;true;plains;6
7664;247;70;109;land;false;hills;6
7665;240;139;31;land;false;hills;6
7666;237;70;112;land;true;plains;6
7667;200;253;103;land;false;hills;6
7668;179;144;106;land;true;marsh;6
7669;253;129;55;land;true;marsh;6
7670;251;72;145;land;true;marsh;6
7671;223;152;53;land;true;plains;6
7672;206;139;92;land;false;hills;6
7673;165;140;143;land;true;marsh;6
7674;241;105;89;land;true;marsh;6
7675;247;90;83;land;false;hills;6
7676;245;151;60;land;false;hills;6
7677;235;55;143;land;true;marsh;6
7678;245;144;61;land;true;marsh;6
7679;209;105;112;land;false;marsh;6
7680;197;106;138;land;false;hills;6
7681;227;139;107;land;true;marsh;6
7682;217;139;83;land;true;marsh;6
7683;236;95;77;land;false;marsh;6
7684;245;82;140;land;true;marsh;6
7685;239;77;104;land;false;hills;6
7686;244;85;98;land;true;marsh;6
7687;199;77;136;land;false;hills;6
7688;246;129;141;land;false;hills;6
7689;176;122;148;land;true;marsh;6
7690;226;142;79;land;true;marsh;6
7691;238;149;113;land;true;marsh;6
7692;161;130;148;land;false;marsh;6
7693;174;114;145;land;true;plains;6
7694;212;121;109;land;false;marsh;6
7695;170;107;139;land;false;mountain;6
7696;227;89;116;land;false;marsh;6
7697;241;88;95;land;true;marsh;6
7698;184;135;94;land;false;marsh;6
7699;170;145;92;land;true;marsh;6
7700;237;74;136;land;true;marsh;6
7701;141;16;33;lake;false;unknown;0
7702;225;114;110;land;false;marsh;6
7703;253;151;3;land;true;plains;6
7704;235;89;80;land;false;hills;6
7705;214;151;92;land;true;plains;6
7706;195;113;133;land;false;hills;6
7707;193;110;115;land;false;hills;6
7708;178;146;142;land;true;marsh;6
7709;254;82;139;land;false;marsh;6
7710;232;126;83;land;true;plains;6
7711;208;133;133;land;false;marsh;6
7712;229;140;64;land;false;marsh;6
7713;241;125;139;land;false;marsh;6
7714;247;127;100;land;true;marsh;6
7715;193;112;145;land;false;mountain;6
7716;243;90;121;land;false;hills;6
7717;235;103;107;land;false;hills;6
7718;134;34;11;lake;false;marsh;0
7719;240;95;114;land;false;hills;6
7720;154;122;127;land;false;hills;6
7721;188;148;104;land;true;marsh;6
7722;245;133;133;land;false;marsh;6
7723;220;79;129;land;false;marsh;6
7724;173;88;149;land;true;marsh;6
7725;241;122;131;land;true;marsh;6
7726;242;135;85;land;true;plains;6
7727;159;130;145;land;false;marsh;6
7728;178;91;140;land;false;marsh;6
7729;176;97;140;land;true;marsh;6
7730;237;142;38;land;false;hills;6
7731;232;55;138;land;false;hills;6
7732;250;122;41;land;true;marsh;6
7733;219;125;132;land;false;marsh;6
7734;205;118;84;land;false;marsh;6
7735;241;128;152;land;true;marsh;6
7736;193;136;92;land;true;marsh;6
7737;220;152;121;land;false;marsh;6
7738;248;142;32;land;true;plains;6
7739;161;118;143;land;false;marsh;6
7740;233;110;121;land;true;marsh;6
7741;215;123;109;land;true;plains;6
7742;165;143;151;land;true;plains;6
7743;226;115;71;land;false;marsh;6
7744;136;141;142;land;false;plains;6
7745;240;97;119;land;true;marsh;6
7746;243;145;35;land;true;mountain;6
7747;247;97;65;land;false;marsh;6
7748;110;150;151;land;false;marsh;6
7749;209;121;83;land;false;marsh;6
7750;178;121;115;land;false;marsh;6
7751;175;79;151;land;true;plains;6
7752;237;131;149;land;false;marsh;6
7753;242;75;102;land;false;marsh;6
7754;251;105;117;land;true;plains;6
7755;232;131;90;land;false;plains;6
7756;233;137;204;land;true;plains;6
7757;229;142;139;land;true;plains;6
7758;229;140;45;land;true;plains;6
7759;212;131;80;land;false;marsh;6
7760;185;122;116;land;false;marsh;6
7761;203;81;122;land;true;plains;6
7762;211;122;73;land;false;marsh;6
7763;221;100;128;land;true;marsh;6
7764;251;86;122;land;false;marsh;6
7765;254;126;119;land;false;marsh;6
7766;226;116;106;land;false;plains;6
7767;227;133;69;land;false;marsh;6
7768;222;127;94;land;false;marsh;6
7769;242;115;49;land;false;plains;6
7770;250;148;81;land;true;plains;6
7771;231;140;149;land;true;plains;6
7772;172;128;117;land;true;plains;6
7773;226;149;107;land;true;plains;6
7774;229;71;147;land;false;hills;6
7775;211;127;112;land;true;mountain;6
7776;236;132;80;land;false;marsh;6
7777;244;108;54;land;false;hills;6
7778;215;142;95;land;false;plains;6
7779;190;132;117;land;true;plains;6
7780;248;55;102;land;true;plains;6
7781;222;107;104;land;false;marsh;6
7782;173;94;141;land;true;plains;6
7783;211;123;151;land;true;marsh;6
7784;224;98;140;land;false;marsh;6
7785;182;151;119;land;false;hills;6
7786;210;98;95;land;true;plains;6
7787;220;97;124;land;false;marsh;6
7788;203;76;126;land;false;hills;6
7789;223;49;133;land;true;plains;6
7790;220;143;72;land;false;hills;6
7791;179;74;151;land;false;marsh;6
7792;207;151;50;land;false;marsh;6
7793;253;147;23;land;false;hills;6
7794;225;98;94;land;false;hills;6
7795;244;115;52;land;false;marsh;6
7796;170;144;130;land;false;marsh;6
7797;202;144;132;land;true;plains;6
7798;202;107;94;land;false;marsh;6
7799;254;142;54;land;false;hills;6
7800;215;138;115;land;true;plains;6
7801;202;151;94;land;false;hills;6
7802;221;143;75;land;false;hills;6
7803;235;116;74;land;false;hills;6
7804;220;104;138;land;true;plains;6
7805;217;116;94;land;false;marsh;6
7806;223;56;140;land;false;plains;6
7807;232;101;129;land;false;marsh;6
7808;231;109;94;land;true;plains;6
7809;198;121;146;land;false;marsh;6
7810;224;79;112;land;true;plains;6
7811;209;91;130;land;true;plains;6
7812;198;130;131;land;false;plains;6
7813;242;125;124;land;false;marsh;6
7814;230;108;109;land;false;marsh;6
7815;246;138;87;land;false;hills;6
7816;209;130;99;land;false;plains;6
7817;152;151;109;land;false;hills;6
7818;146;126;135;land;false;hills;6
7819;235;139;109;land;false;hills;6
7820;250;142;50;land;false;plains;6
7821;190;118;97;land;true;plains;6
7822;232;137;148;land;false;plains;6
7823;248;146;118;land;false;marsh;6
7824;238;127;131;land;false;marsh;6
7825;254;145;116;land;false;plains;6
7826;184;98;152;land;false;plains;6
7827;235;119;83;land;false;plains;6
7828;241;127;41;land;false;marsh;6
7829;222;115;91;land;false;plains;6
7830;253;127;38;land;false;mountain;6
7831;253;149;3;land;false;plains;6
7832;251;85;124;land;false;marsh;6
7833;219;123;145;land;false;plains;6
7834;247;94;67;land;false;plains;6
7835;230;127;102;land;false;plains;6
7836;239;82;146;land;false;mountain;6
7837;246;78;125;land;false;plains;6
7838;241;146;113;land;false;hills;6
7839;232;137;50;land;false;hills;6
7840;143;150;151;land;false;plains;6
7841;227;100;129;land;false;plains;6
7842;215;141;83;land;false;plains;6
7843;223;125;147;land;false;plains;6
7844;193;93;152;land;false;plains;6
7845;239;143;40;land;false;plains;6
7846;241;143;47;land;false;mountain;6
7847;220;83;143;land;false;plains;6
7848;224;133;128;land;false;plains;6
7849;227;128;77;land;true;plains;6
7850;170;144;137;land;false;hills;6
7851;252;83;134;land;false;hills;6
7852;199;138;76;land;false;plains;6
7853;236;121;147;land;false;plains;6
7854;136;152;130;land;false;plains;6
7855;227;114;67;land;false;plains;6
7856;187;130;133;land;false;plains;6
7857;251;137;128;land;false;plains;6
7858;236;146;38;land;false;plains;6
7859;240;98;112;land;false;plains;6
7860;189;128;119;land;false;hills;6
7861;223;148;76;land;true;plains;6
7862;254;49;103;land;false;plains;6
7863;188;143;82;land;false;plains;6
7864;193;128;126;land;false;plains;6
7865;250;118;84;land;false;plains;6
7866;245;99;116;land;false;plains;6
7867;239;104;79;land;false;plains;6
7868;182;142;109;land;false;plains;6
7869;188;146;110;land;false;plains;6
7870;236;139;103;land;false;plains;6
7871;250;85;140;land;false;plains;6
7872;155;142;106;land;false;plains;6
7873;226;150;44;land;false;plains;6
7874;254;148;49;land;false;plains;6
7875;231;136;125;land;false;plains;6
7876;238;107;62;land;false;plains;6
7877;229;101;149;land;false;plains;6
7878;198;75;136;land;false;plains;6
7879;212;131;88;land;false;plains;6
7880;244;127;85;land;false;plains;6
7881;251;114;51;land;false;plains;6
7882;182;104;142;land;false;plains;6
7883;192;80;144;land;false;mountain;6
7884;205;86;136;land;false;plains;6
7885;238;116;128;land;true;plains;6
7886;236;109;95;land;false;plains;6
7887;238;150;89;land;false;plains;6
7888;211;121;82;land;false;plains;6
7889;226;149;29;land;false;plains;6
7890;215;81;121;land;false;plains;6
7891;203;141;76;land;false;plains;6
7892;178;135;91;land;false;plains;6
7893;170;145;89;land;false;plains;6
7894;239;119;56;land;false;plains;6
7895;179;152;121;land;false;plains;6
7896;226;152;98;land;false;plains;6
7897;209;106;94;land;false;plains;6
7898;223;77;117;land;false;plains;6
7899;204;86;137;land;false;plains;6
7900;157;142;146;land;false;plains;6
7901;182;133;146;land;false;plains;6
7902;176;151;143;land;false;plains;6
7903;215;143;124;land;false;plains;6
7904;169;119;151;land;false;plains;6
7905;254;32;117;land;false;plains;6
7906;226;109;144;land;false;plains;6
7907;175;137;128;land;false;plains;6
7908;164;122;142;land;false;plains;6
7909;222;140;106;land;false;plains;6
7910;240;149;35;land;false;plains;6
7911;250;114;109;land;false;plains;6
7912;241;128;35;land;false;plains;6
7913;149;119;144;land;false;plains;6
7914;169;136;152;land;false;plains;6
7915;246;102;76;land;false;plains;6
7916;208;95;116;land;false;plains;6
7917;203;99;139;land;false;urban;6
7918;232;100;125;land;false;plains;6
7919;251;108;118;land;false;plains;6
7920;166;118;134;land;false;plains;6
7921;247;152;87;land;false;plains;6
7922;250;145;67;land;false;plains;6
7923;211;88;115;land;false;plains;6
7924;143;141;141;land;true;plains;6
7925;253;57;93;land;false;plains;6
7926;160;126;137;land;false;plains;6
7927;198;119;122;land;false;plains;6
7928;221;106;146;land;false;plains;6
7929;147;140;152;land;false;plains;6
7930;194;123;97;land;false;plains;6
7931;233;94;140;land;false;plains;6
7932;241;73;95;land;false;urban;6
7933;221;130;130;land;false;plains;6
7934;235;148;128;land;false;plains;6
7935;239;140;70;land;true;plains;6
7936;208;47;151;land;false;plains;6
7937;227;140;52;land;true;plains;6
7938;234;102;70;land;false;plains;6
7939;187;124;98;land;false;plains;6
7940;228;116;92;land;true;plains;6
7941;176;126;146;land;false;plains;6
7942;197;115;96;land;false;urban;6
7943;227;131;100;land;false;plains;6
7944;246;101;116;land;true;plains;6
7945;234;112;100;land;false;plains;6
7946;234;79;106;land;false;plains;6
7947;253;91;125;land;false;plains;6
7948;233;152;84;land;false;plains;6
7949;250;57;116;land;false;plains;6
7950;241;58;118;land;false;plains;6
7951;236;111;100;land;false;plains;6
7952;174;87;143;land;false;plains;6
7953;244;125;55;land;false;plains;6
7954;235;148;109;land;false;plains;6
7955;228;44;149;land;false;plains;6
7956;244;73;138;land;false;plains;6
7957;228;104;146;land;false;plains;6
7958;179;123;142;land;false;plains;6
7959;161;131;143;land;false;plains;6
7960;208;137;78;land;false;plains;6
7961;214;116;93;land;false;plains;6
7962;242;100;66;land;false;plains;6
7963;241;112;104;land;false;plains;6
7964;244;128;124;land;false;plains;6
7965;251;53;122;land;false;plains;6
7966;232;127;105;land;false;plains;6
7967;203;110;140;land;false;plains;6
7968;167;152;93;land;true;plains;6
7969;205;128;149;land;false;plains;6
7970;158;150;152;land;false;plains;6
7971;233;138;94;land;false;plains;6
7972;236;129;91;land;false;plains;6
7973;194;129;146;land;false;plains;6
7974;146;148;109;land;true;plains;6
7975;242;63;102;land;false;plains;6
7976;181;149;76;land;false;plains;6
7977;220;91;112;land;false;plains;6
7978;223;139;86;land;false;plains;6
7979;222;149;59;land;false;plains;6
7980;173;108;150;land;false;plains;6
7981;217;124;116;land;false;plains;6
7982;239;100;67;land;false;plains;6
7983;154;147;122;land;false;plains;6
7984;170;118;122;land;false;plains;6
7985;212;99;147;land;false;plains;6
7986;215;85;114;land;false;plains;6
7987;191;110;118;land;false;plains;6
7988;161;136;130;land;false;plains;6
7989;182;86;151;land;false;plains;6
7990;183;119;101;land;false;plains;6
7991;189;143;104;land;false;plains;6
7992;190;110;125;land;false;mountain;6
7993;212;118;105;land;false;plains;6
7994;197;127;128;land;false;plains;6
7995;205;140;132;land;false;mountain;6
7996;223;40;150;land;true;plains;6
7997;175;93;137;land;false;plains;6
7998;244;146;140;land;false;plains;6
7999;254;152;34;land;false;plains;6
8000;235;140;35;land;false;plains;6
8001;239;130;130;land;false;mountain;6
8002;125;145;147;land;true;plains;6
8003;250;94;73;land;false;plains;6
8004;239;134;82;land;false;plains;6
8005;174;146;93;land;false;plains;6
8006;195;152;122;land;false;plains;6
8007;187;108;122;land;false;plains;6
8008;251;51;115;land;false;plains;6
8009;254;139;11;land;false;plains;6
8010;187;128;137;land;false;plains;6
8011;197;137;107;land;false;plains;6
8012;151;113;149;land;false;plains;6
8013;193;135;112;land;false;plains;6
8014;227;113;124;land;false;plains;6
8015;227;151;90;land;false;plains;6
8016;137;140;126;land;false;plains;6
8017;223;139;102;land;false;plains;6
8018;130;148;142;land;true;plains;6
8019;247;96;131;land;false;plains;6
8020;236;101;151;land;false;plains;6
8021;254;53;104;land;false;plains;6
8022;190;152;96;land;false;plains;6
8023;241;101;109;land;false;plains;6
8024;172;127;113;land;false;plains;6
8025;218;73;124;land;true;plains;6
8026;243;122;123;land;false;plains;6
8027;197;88;145;land;false;plains;6
8028;219;93;109;land;false;plains;6
8029;251;116;125;land;false;plains;6
8030;229;145;130;land;false;plains;6
8031;242;145;19;land;false;plains;6
8032;231;86;36;land;false;plains;6
8033;208;103;124;land;false;plains;6
8034;251;76;78;land;false;plains;6
8035;197;109;131;land;false;plains;6
8036;249;118;77;land;false;plains;6
8037;174;112;132;land;false;plains;6
8038;236;134;76;land;false;plains;6
8039;149;116;139;land;false;plains;6
8040;188;72;148;land;false;mountain;6
8041;179;124;118;land;false;mountain;6
8042;220;123;59;land;true;plains;6
8043;236;119;67;land;false;plains;6
8044;172;130;141;land;false;plains;6
8045;205;145;143;land;false;plains;6
8046;188;128;131;land;false;plains;6
8047;185;151;107;land;false;hills;6
8048;211;106;118;land;true;plains;6
8049;250;146;12;land;false;plains;6
8050;232;115;64;land;false;plains;6
8051;195;149;84;land;false;plains;6
8052;234;133;139;land;false;plains;6
8053;244;84;102;land;false;plains;6
8054;178;150;103;land;false;plains;6
8055;178;104;146;land;false;plains;6
8056;254;53;113;land;false;plains;6
8057;235;124;104;land;false;plains;6
8058;224;145;130;land;false;plains;6
8059;188;91;152;land;true;plains;6
8060;232;121;133;land;false;plains;6
8061;169;146;120;land;false;plains;6
8062;229;73;146;land;false;plains;6
8063;185;143;109;land;true;plains;6
8064;232;118;101;land;false;plains;6
8065;236;83;149;land;false;plains;6
8066;218;98;97;land;false;plains;6
8067;164;149;112;land;false;plains;6
8068;248;122;98;land;false;plains;6
8069;155;101;149;land;false;plains;6
8070;193;137;146;land;false;plains;6
8071;227;132;52;land;false;mountain;6
8072;254;146;142;land;false;plains;6
8073;196;149;143;land;false;plains;6
8074;230;88;140;land;false;plains;6
8075;158;106;139;land;false;plains;6
8076;250;146;99;land;false;hills;6
8077;223;126;67;land;false;plains;6
8078;196;94;149;land;false;mountain;6
8079;244;104;91;land;true;plains;6
8080;235;134;36;land;false;plains;6
8081;181;91;144;land;false;plains;6
8082;251;104;127;land;false;plains;6
8083;148;149;127;land;false;plains;6
8084;236;142;118;land;false;plains;6
8085;235;126;131;land;false;plains;6
8086;215;152;137;land;false;plains;6
8087;185;121;104;land;false;plains;6
8088;249;57;106;land;false;plains;6
8089;220;86;137;land;false;plains;6
8090;222;116;145;land;false;plains;6
8091;236;62;118;land;false;plains;6
8092;254;127;140;land;false;plains;6
8093;191;77;136;land;false;hills;6
8094;161;138;140;land;false;plains;6
8095;236;130;140;land;false;plains;6
8096;125;133;146;land;false;plains;6
8097;236;106;121;land;false;plains;6
8098;227;136;52;land;false;plains;6
8099;233;122;117;land;true;plains;6
8100;239;105;130;land;false;plains;6
8101;215;125;131;land;false;plains;6
8102;188;96;145;land;false;plains;6
8103;244;115;152;land;false;plains;6
8104;241;130;143;land;false;plains;6
8105;109;146;149;land;false;plains;6
8106;205;107;145;land;false;plains;6
8107;216;151;101;land;true;plains;6
8108;253;67;113;land;false;plains;6
8109;248;77;146;land;false;plains;6
8110;213;103;111;land;false;plains;6
8111;251;140;82;land;false;plains;6
8112;215;150;110;land;false;plains;6
8113;208;118;119;land;false;plains;6
8114;196;152;123;land;false;plains;6
8115;246;122;150;land;false;mountain;6
8116;125;143;143;land;false;plains;6
8117;152;117;148;land;false;plains;6
8118;218;91;94;land;true;plains;6
8119;162;95;147;land;false;plains;6
8120;194;143;110;land;false;mountain;6
8121;185;93;130;land;true;plains;6
8122;220;136;47;land;false;plains;6
8123;249;82;79;land;false;plains;6
8124;196;128;135;land;false;plains;6
8125;220;119;106;land;false;plains;6
8126;219;60;139;land;false;plains;6
8127;233;134;80;land;false;mountain;6
8128;174;143;136;land;false;plains;6
8129;195;150;96;land;false;plains;6
8130;217;112;107;land;false;plains;6
8131;233;79;122;land;true;plains;6
8132;202;75;130;land;false;mountain;6
8133;250;143;73;land;false;plains;6
8134;190;128;105;land;false;plains;6
8135;192;143;101;land;false;plains;6
8136;191;133;149;land;false;hills;6
8137;217;86;138;land;false;plains;6
8138;226;64;122;land;false;mountain;6
8139;215;82;112;land;false;plains;6
8140;215;120;76;land;true;plains;6
8141;254;140;141;land;false;hills;6
8142;193;133;121;land;false;hills;6
8143;190;148;124;land;false;plains;6
8144;204;91;119;land;false;plains;6
8145;243;148;77;land;false;plains;6
8146;195;82;150;land;false;plains;6
8147;226;146;127;land;true;plains;6
8148;238;97;124;land;false;plains;6
8149;242;104;98;land;false;plains;6
8150;209;140;146;land;false;plains;6
8151;245;132;86;land;true;plains;6
8152;232;100;107;land;false;plains;6
8153;187;142;82;land;false;mountain;6
8154;236;74;94;land;false;plains;6
8155;251;56;119;land;false;plains;6
8156;155;122;142;land;false;plains;6
8157;220;100;142;land;false;hills;6
8158;159;142;119;land;true;plains;6
8159;241;119;76;land;false;hills;6
8160;148;147;145;land;false;plains;6
8161;230;107;151;land;true;plains;6
8162;230;121;53;land;false;hills;6
8163;223;109;131;land;false;plains;6
8164;204;130;91;land;true;plains;6
8165;246;140;43;land;false;hills;6
8166;238;142;25;land;false;plains;6
8167;210;127;106;land;false;hills;6
8168;199;104;113;land;false;plains;6
8169;224;97;100;land;false;mountain;6
8170;192;142;98;land;true;plains;6
8171;217;110;121;land;false;plains;6
8172;239;150;141;land;false;hills;6
8173;208;136;145;land;false;plains;6
8174;215;149;44;land;true;plains;6
8175;254;63;92;land;true;plains;6
8176;218;142;85;land;false;hills;6
8177;244;82;131;land;false;plains;6
8178;199;133;94;land;false;mountain;6
8179;144;137;147;land;true;plains;6
8180;230;100;134;land;true;plains;6
8181;230;138;127;land;false;hills;6
8182;226;152;89;land;false;hills;6
8183;238;107;104;land;false;plains;6
8184;196;117;113;land;true;plains;6
8185;183;132;143;land;false;plains;6
8186;241;143;42;land;true;plains;6
8187;242;74;138;land;true;mountain;6
8188;244;115;88;land;true;plains;6
8189;184;137;113;land;false;hills;6
8190;185;95;125;land;false;plains;6
8191;203;131;70;land;true;plains;6
8192;251;109;110;land;false;hills;6
8193;208;124;148;land;false;plains;6
8194;205;150;88;land;false;hills;6
8195;249;87;103;land;true;plains;6
8196;166;125;139;land;true;plains;6
8197;244;66;128;land;false;mountain;6
8198;241;122;92;land;false;plains;6
8199;237;95;107;land;true;plains;6
8200;221;107;133;land;false;hills;6
8201;113;149;145;land;true;plains;6
8202;245;72;116;land;false;hills;6
8203;200;123;114;land;true;plains;6
8204;235;119;112;land;true;desert;6
8205;247;130;138;land;false;hills;6
8206;184;123;115;land;true;plains;6
8207;246;113;113;land;true;plains;6
8208;251;140;119;land;false;hills;6
8209;235;146;118;land;true;desert;6
8210;201;142;138;land;true;plains;6
8211;235;139;121;land;false;hills;6
8212;208;148;130;land;false;plains;6
8213;200;119;126;land;true;plains;6
8214;230;141;131;land;false;mountain;6
8215;179;114;114;land;false;hills;6
8216;190;145;128;land;true;plains;6
8217;200;94;117;land;true;mountain;6
8218;211;137;130;land;false;hills;6
8219;233;121;75;land;true;plains;6
8220;232;140;89;land;true;plains;6
8221;214;139;89;land;true;plains;6
8222;200;146;89;land;true;plains;6
8223;193;107;107;land;false;mountain;6
8224;191;89;125;land;true;hills;6
8225;226;146;109;land;false;hills;6
8226;194;149;127;land;true;plains;6
8227;211;146;115;land;false;mountain;6
8228;185;144;122;land;true;plains;6
8229;143;131;138;land;true;mountain;6
8230;205;127;98;land;false;plains;6
8231;191;141;122;land;true;plains;6
8232;233;144;71;land;true;plains;6
8233;176;83;151;land;true;plains;6
8234;220;48;149;land;true;plains;6
8235;185;124;118;land;false;hills;6
8236;227;146;70;land;true;plains;6
8237;245;94;100;land;true;plains;6
8238;170;136;144;land;true;plains;6
8239;184;151;151;land;true;mountain;6
8240;227;142;122;land;true;plains;6
8241;115;142;146;land;true;plains;6
8242;208;140;124;land;true;plains;6
8243;144;146;145;land;true;plains;6
8244;135;152;120;land;true;plains;6
